dataset,subject,roi,time_idx,time_s,model,layer,RSA,CKA
EEG2,sub-01,whole_brain,0,0.0,ResNet152_adv,features/layer1-0,0.04954596115269469,0.0022741421551126183
EEG2,sub-01,whole_brain,0,0.0,ResNet152_adv,features/layer2-0,0.04508334500780442,0.003359576652449597
EEG2,sub-01,whole_brain,0,0.0,ResNet152_adv,features/layer3-0,0.04008228838209348,0.006118213594579813
EEG2,sub-01,whole_brain,0,0.0,ResNet152_adv,features/layer3-10,0.03673653954262324,0.002964411400939282
EEG2,sub-01,whole_brain,0,0.0,ResNet152_adv,features/layer3-15,0.028753115051303454,0.0010945723446406444
EEG2,sub-01,whole_brain,0,0.0,ResNet152_adv,features/layer3-20,0.007719385126640216,-0.0007611578226856273
EEG2,sub-01,whole_brain,0,0.0,ResNet152_adv,features/layer3-25,0.010650910478245765,0.002272223778618325
EEG2,sub-01,whole_brain,0,0.0,ResNet152_adv,features/layer3-30,0.010509040654032758,0.0019246419053290998
EEG2,sub-01,whole_brain,0,0.0,ResNet152_adv,features/layer3-5,0.033278199247320686,0.004392676384544193
EEG2,sub-01,whole_brain,0,0.0,ResNet152_adv,features/layer4-1,-0.015243157639582831,-0.0018713556862113838
EEG2,sub-01,whole_brain,0,0.0,Qwen3-VL-2B,features/language_model-layers-11,0.05177473365949938,0.0020975943952942977
EEG2,sub-01,whole_brain,0,0.0,Qwen3-VL-2B,features/language_model-layers-16,0.04239008180362464,0.006129762440145523
EEG2,sub-01,whole_brain,0,0.0,Qwen3-VL-2B,features/language_model-layers-3,0.026101539085978186,0.005192927735688867
EEG2,sub-01,whole_brain,0,0.0,Qwen3-VL-2B,features/language_model-layers-8,0.05072245037279231,0.0052279096680497746
EEG2,sub-01,whole_brain,0,0.0,Qwen3-VL-2B,features/visual-blocks-10,0.0186956610120682,-0.00035728719862491385
EEG2,sub-01,whole_brain,0,0.0,Qwen3-VL-2B,features/visual-blocks-14,0.027387922817671554,0.002485509726923862
EEG2,sub-01,whole_brain,0,0.0,Qwen3-VL-2B,features/visual-blocks-18,0.034469237635608385,0.0027138344645692464
EEG2,sub-01,whole_brain,0,0.0,Qwen3-VL-2B,features/visual-blocks-2,0.027555850251022973,0.0031461010884870646
EEG2,sub-01,whole_brain,0,0.0,Qwen3-VL-2B,features/visual-blocks-22,0.05389251478427731,0.004509170306919339
EEG2,sub-01,whole_brain,0,0.0,Qwen3-VL-2B,features/visual-blocks-6,0.020930428372832512,0.0020894783202410143
EEG2,sub-01,whole_brain,2,0.02,ResNet152_adv,features/layer1-0,0.05048941723144895,-0.0016601453039851797
EEG2,sub-01,whole_brain,2,0.02,ResNet152_adv,features/layer2-0,0.05414509461038271,-0.0029379078205539672
EEG2,sub-01,whole_brain,2,0.02,ResNet152_adv,features/layer3-0,0.04175578680084346,-0.004041200973112212
EEG2,sub-01,whole_brain,2,0.02,ResNet152_adv,features/layer3-10,0.042968792462994114,0.0008295617597285484
EEG2,sub-01,whole_brain,2,0.02,ResNet152_adv,features/layer3-15,0.038424872208401274,-0.0009514442796782911
EEG2,sub-01,whole_brain,2,0.02,ResNet152_adv,features/layer3-20,0.023296594431921003,-0.0030914522504679426
EEG2,sub-01,whole_brain,2,0.02,ResNet152_adv,features/layer3-25,0.019716489644550892,-0.0024257501902760848
EEG2,sub-01,whole_brain,2,0.02,ResNet152_adv,features/layer3-30,0.005584552827409769,-0.00299114230718656
EEG2,sub-01,whole_brain,2,0.02,ResNet152_adv,features/layer3-5,0.028958431526876667,-0.0021459851180538167
EEG2,sub-01,whole_brain,2,0.02,ResNet152_adv,features/layer4-1,0.0010469976199569667,-0.002848595448632974
EEG2,sub-01,whole_brain,2,0.02,Qwen3-VL-2B,features/language_model-layers-11,0.0035324445563459893,0.004378944719187951
EEG2,sub-01,whole_brain,2,0.02,Qwen3-VL-2B,features/language_model-layers-16,0.00017374804776357558,0.009515377203911267
EEG2,sub-01,whole_brain,2,0.02,Qwen3-VL-2B,features/language_model-layers-3,-0.03092427342736168,0.008538273180483311
EEG2,sub-01,whole_brain,2,0.02,Qwen3-VL-2B,features/language_model-layers-8,-0.01079676750039631,0.008669264869540812
EEG2,sub-01,whole_brain,2,0.02,Qwen3-VL-2B,features/visual-blocks-10,0.04878094463869317,0.0016978079528374712
EEG2,sub-01,whole_brain,2,0.02,Qwen3-VL-2B,features/visual-blocks-14,0.04312556056946922,0.0024571875586053026
EEG2,sub-01,whole_brain,2,0.02,Qwen3-VL-2B,features/visual-blocks-18,0.033539159413063555,0.0025603255722566136
EEG2,sub-01,whole_brain,2,0.02,Qwen3-VL-2B,features/visual-blocks-2,0.039859538290072216,0.011423377245998047
EEG2,sub-01,whole_brain,2,0.02,Qwen3-VL-2B,features/visual-blocks-22,0.0250987845882611,0.0044325151087678035
EEG2,sub-01,whole_brain,2,0.02,Qwen3-VL-2B,features/visual-blocks-6,0.034145108104027065,0.0112937808195003
EEG2,sub-01,whole_brain,4,0.04,ResNet152_adv,features/layer1-0,0.07066795637873369,0.0015308454053018395
EEG2,sub-01,whole_brain,4,0.04,ResNet152_adv,features/layer2-0,0.08615654742672674,-0.00045131777422295725
EEG2,sub-01,whole_brain,4,0.04,ResNet152_adv,features/layer3-0,0.062339138916794115,-0.0010994285865086446
EEG2,sub-01,whole_brain,4,0.04,ResNet152_adv,features/layer3-10,0.07727725777923955,-5.521139832338319e-05
EEG2,sub-01,whole_brain,4,0.04,ResNet152_adv,features/layer3-15,0.07399164029947897,-0.0023575130393451134
EEG2,sub-01,whole_brain,4,0.04,ResNet152_adv,features/layer3-20,0.05954275897719207,-0.004177685519185096
EEG2,sub-01,whole_brain,4,0.04,ResNet152_adv,features/layer3-25,0.05616987390955693,-0.004705112492073759
EEG2,sub-01,whole_brain,4,0.04,ResNet152_adv,features/layer3-30,0.04946319038899422,-0.005251245598223432
EEG2,sub-01,whole_brain,4,0.04,ResNet152_adv,features/layer3-5,0.06883851532071183,0.0004931660213108808
EEG2,sub-01,whole_brain,4,0.04,ResNet152_adv,features/layer4-1,0.011393075023195849,-0.0035302894056630316
EEG2,sub-01,whole_brain,4,0.04,Qwen3-VL-2B,features/language_model-layers-11,0.07207353980202057,0.0002745897366166013
EEG2,sub-01,whole_brain,4,0.04,Qwen3-VL-2B,features/language_model-layers-16,0.06867725040681263,0.005969277320214393
EEG2,sub-01,whole_brain,4,0.04,Qwen3-VL-2B,features/language_model-layers-3,0.030754210894883595,0.007025174137252145
EEG2,sub-01,whole_brain,4,0.04,Qwen3-VL-2B,features/language_model-layers-8,0.040728496193563085,0.006152380258642019
EEG2,sub-01,whole_brain,4,0.04,Qwen3-VL-2B,features/visual-blocks-10,0.07653292904194278,0.004905561873870722
EEG2,sub-01,whole_brain,4,0.04,Qwen3-VL-2B,features/visual-blocks-14,0.04933266160018038,0.007777041970996927
EEG2,sub-01,whole_brain,4,0.04,Qwen3-VL-2B,features/visual-blocks-18,0.034719035282839386,0.008265603814452543
EEG2,sub-01,whole_brain,4,0.04,Qwen3-VL-2B,features/visual-blocks-2,0.06693030420960551,0.008556751696155485
EEG2,sub-01,whole_brain,4,0.04,Qwen3-VL-2B,features/visual-blocks-22,0.027396194035654426,0.008948918246976549
EEG2,sub-01,whole_brain,4,0.04,Qwen3-VL-2B,features/visual-blocks-6,0.06317164547785209,0.008617088697539136
EEG2,sub-01,whole_brain,6,0.06,ResNet152_adv,features/layer1-0,0.09386648458726843,0.00391789987197051
EEG2,sub-01,whole_brain,6,0.06,ResNet152_adv,features/layer2-0,0.11262957709602131,0.0040387412328320525
EEG2,sub-01,whole_brain,6,0.06,ResNet152_adv,features/layer3-0,0.0820190229240415,0.006275258734976611
EEG2,sub-01,whole_brain,6,0.06,ResNet152_adv,features/layer3-10,0.08341685162460306,0.009808732782108484
EEG2,sub-01,whole_brain,6,0.06,ResNet152_adv,features/layer3-15,0.06327510834889259,0.004521724136420164
EEG2,sub-01,whole_brain,6,0.06,ResNet152_adv,features/layer3-20,0.04590684738019867,0.0027800294871150985
EEG2,sub-01,whole_brain,6,0.06,ResNet152_adv,features/layer3-25,0.03875753074040119,0.001173832650795245
EEG2,sub-01,whole_brain,6,0.06,ResNet152_adv,features/layer3-30,0.05358446292195945,0.0021794256914341964
EEG2,sub-01,whole_brain,6,0.06,ResNet152_adv,features/layer3-5,0.06338777206725232,0.005980581206041297
EEG2,sub-01,whole_brain,6,0.06,ResNet152_adv,features/layer4-1,0.025398709086128388,0.0007369781272258875
EEG2,sub-01,whole_brain,6,0.06,Qwen3-VL-2B,features/language_model-layers-11,0.07441414565375569,-0.0001439536097628567
EEG2,sub-01,whole_brain,6,0.06,Qwen3-VL-2B,features/language_model-layers-16,0.09049860540968042,0.005150991472529493
EEG2,sub-01,whole_brain,6,0.06,Qwen3-VL-2B,features/language_model-layers-3,0.07280797164439894,0.00636432688803587
EEG2,sub-01,whole_brain,6,0.06,Qwen3-VL-2B,features/language_model-layers-8,0.06857103127523219,0.00455033579963401
EEG2,sub-01,whole_brain,6,0.06,Qwen3-VL-2B,features/visual-blocks-10,0.07189656009533557,0.0053340468282763245
EEG2,sub-01,whole_brain,6,0.06,Qwen3-VL-2B,features/visual-blocks-14,0.058878805237988656,0.004056343963327181
EEG2,sub-01,whole_brain,6,0.06,Qwen3-VL-2B,features/visual-blocks-18,0.05578359821304111,0.004217340240722511
EEG2,sub-01,whole_brain,6,0.06,Qwen3-VL-2B,features/visual-blocks-2,0.0674913437284498,0.01520702604795487
EEG2,sub-01,whole_brain,6,0.06,Qwen3-VL-2B,features/visual-blocks-22,0.05020090629494001,0.004846731156517307
EEG2,sub-01,whole_brain,6,0.06,Qwen3-VL-2B,features/visual-blocks-6,0.05900997736521025,0.015570076382255086
EEG2,sub-01,whole_brain,8,0.08,ResNet152_adv,features/layer1-0,-0.11167208691144853,0.08215940017179758
EEG2,sub-01,whole_brain,8,0.08,ResNet152_adv,features/layer2-0,-0.020679386624229933,0.09254307179412319
EEG2,sub-01,whole_brain,8,0.08,ResNet152_adv,features/layer3-0,0.07196814607064336,0.09527731284975331
EEG2,sub-01,whole_brain,8,0.08,ResNet152_adv,features/layer3-10,-0.01874364024067186,0.05539086735640289
EEG2,sub-01,whole_brain,8,0.08,ResNet152_adv,features/layer3-15,-0.061262741871668455,0.046991817133226935
EEG2,sub-01,whole_brain,8,0.08,ResNet152_adv,features/layer3-20,-0.051507565573759115,0.04503818544576458
EEG2,sub-01,whole_brain,8,0.08,ResNet152_adv,features/layer3-25,-0.05895758103784443,0.04446990214730861
EEG2,sub-01,whole_brain,8,0.08,ResNet152_adv,features/layer3-30,-0.04492794630332873,0.043742130246971524
EEG2,sub-01,whole_brain,8,0.08,ResNet152_adv,features/layer3-5,-0.017744483240057667,0.06817241724399858
EEG2,sub-01,whole_brain,8,0.08,ResNet152_adv,features/layer4-1,0.07167737106460811,0.02752672078811896
EEG2,sub-01,whole_brain,8,0.08,Qwen3-VL-2B,features/language_model-layers-11,0.15728785394689265,0.032287016273926626
EEG2,sub-01,whole_brain,8,0.08,Qwen3-VL-2B,features/language_model-layers-16,0.14700316754568568,0.035726965467393346
EEG2,sub-01,whole_brain,8,0.08,Qwen3-VL-2B,features/language_model-layers-3,0.1371305436103141,0.03830388013266862
EEG2,sub-01,whole_brain,8,0.08,Qwen3-VL-2B,features/language_model-layers-8,0.13234282182631324,0.03560200127268175
EEG2,sub-01,whole_brain,8,0.08,Qwen3-VL-2B,features/visual-blocks-10,0.0865199007950723,0.014051478944871035
EEG2,sub-01,whole_brain,8,0.08,Qwen3-VL-2B,features/visual-blocks-14,0.06449159934712866,0.015397661726593357
EEG2,sub-01,whole_brain,8,0.08,Qwen3-VL-2B,features/visual-blocks-18,0.07519307795465069,0.01690917234481784
EEG2,sub-01,whole_brain,8,0.08,Qwen3-VL-2B,features/visual-blocks-2,-0.045815402131706796,0.01869044066084531
EEG2,sub-01,whole_brain,8,0.08,Qwen3-VL-2B,features/visual-blocks-22,0.08191477705312807,0.02219288324010602
EEG2,sub-01,whole_brain,8,0.08,Qwen3-VL-2B,features/visual-blocks-6,-0.006444654916745368,0.01986519895895101
EEG2,sub-01,whole_brain,10,0.1,ResNet152_adv,features/layer1-0,0.0046177519048860695,0.10042035282371968
EEG2,sub-01,whole_brain,10,0.1,ResNet152_adv,features/layer2-0,0.08242250510858475,0.11280437585500226
EEG2,sub-01,whole_brain,10,0.1,ResNet152_adv,features/layer3-0,0.14240467577120128,0.10955983562744043
EEG2,sub-01,whole_brain,10,0.1,ResNet152_adv,features/layer3-10,0.06263418167558331,0.07178494744809025
EEG2,sub-01,whole_brain,10,0.1,ResNet152_adv,features/layer3-15,0.023535665671145012,0.06464033836721135
EEG2,sub-01,whole_brain,10,0.1,ResNet152_adv,features/layer3-20,0.025992746711925783,0.061930721421912596
EEG2,sub-01,whole_brain,10,0.1,ResNet152_adv,features/layer3-25,0.024336290480494207,0.05990110281929107
EEG2,sub-01,whole_brain,10,0.1,ResNet152_adv,features/layer3-30,0.0472301855922222,0.060997614186086783
EEG2,sub-01,whole_brain,10,0.1,ResNet152_adv,features/layer3-5,0.06983650009570927,0.08514087071687614
EEG2,sub-01,whole_brain,10,0.1,ResNet152_adv,features/layer4-1,0.07491701768899149,0.051027757656859636
EEG2,sub-01,whole_brain,10,0.1,Qwen3-VL-2B,features/language_model-layers-11,0.08851909995896631,0.030594456781969728
EEG2,sub-01,whole_brain,10,0.1,Qwen3-VL-2B,features/language_model-layers-16,0.07321092199068843,0.028470841043316344
EEG2,sub-01,whole_brain,10,0.1,Qwen3-VL-2B,features/language_model-layers-3,0.08015012452669999,0.02906449833748539
EEG2,sub-01,whole_brain,10,0.1,Qwen3-VL-2B,features/language_model-layers-8,0.06396859135618686,0.029125248785418098
EEG2,sub-01,whole_brain,10,0.1,Qwen3-VL-2B,features/visual-blocks-10,0.0940322424454336,0.022861741775332005
EEG2,sub-01,whole_brain,10,0.1,Qwen3-VL-2B,features/visual-blocks-14,0.06265337331982025,0.01962048961642805
EEG2,sub-01,whole_brain,10,0.1,Qwen3-VL-2B,features/visual-blocks-18,0.05372319730684071,0.02147083438591579
EEG2,sub-01,whole_brain,10,0.1,Qwen3-VL-2B,features/visual-blocks-2,0.004416362106470029,0.050612438800263934
EEG2,sub-01,whole_brain,10,0.1,Qwen3-VL-2B,features/visual-blocks-22,0.03464402198277263,0.027469938106331766
EEG2,sub-01,whole_brain,10,0.1,Qwen3-VL-2B,features/visual-blocks-6,0.0320792126555832,0.05291404375603512
EEG2,sub-01,whole_brain,12,0.12,ResNet152_adv,features/layer1-0,-0.12202590235441689,0.07074538285098254
EEG2,sub-01,whole_brain,12,0.12,ResNet152_adv,features/layer2-0,-0.015369606076118727,0.0800394932228361
EEG2,sub-01,whole_brain,12,0.12,ResNet152_adv,features/layer3-0,0.08431807966195587,0.09146621106493147
EEG2,sub-01,whole_brain,12,0.12,ResNet152_adv,features/layer3-10,-0.004591347540379585,0.05737444701351392
EEG2,sub-01,whole_brain,12,0.12,ResNet152_adv,features/layer3-15,-0.060829605675724534,0.04927487603279
EEG2,sub-01,whole_brain,12,0.12,ResNet152_adv,features/layer3-20,-0.046406781444848916,0.046737974824330085
EEG2,sub-01,whole_brain,12,0.12,ResNet152_adv,features/layer3-25,-0.045613095755246594,0.041419963469914584
EEG2,sub-01,whole_brain,12,0.12,ResNet152_adv,features/layer3-30,-0.026241526375115187,0.041684419630703254
EEG2,sub-01,whole_brain,12,0.12,ResNet152_adv,features/layer3-5,-0.009718045814713971,0.070945361967817
EEG2,sub-01,whole_brain,12,0.12,ResNet152_adv,features/layer4-1,0.08803406714741835,0.03679112605574942
EEG2,sub-01,whole_brain,12,0.12,Qwen3-VL-2B,features/language_model-layers-11,0.12638782060641807,0.028503395591291968
EEG2,sub-01,whole_brain,12,0.12,Qwen3-VL-2B,features/language_model-layers-16,0.12078598691186306,0.026782227787767864
EEG2,sub-01,whole_brain,12,0.12,Qwen3-VL-2B,features/language_model-layers-3,0.12858739203084552,0.027999349730992197
EEG2,sub-01,whole_brain,12,0.12,Qwen3-VL-2B,features/language_model-layers-8,0.1198028474754364,0.028387535560085695
EEG2,sub-01,whole_brain,12,0.12,Qwen3-VL-2B,features/visual-blocks-10,0.09828081830578973,0.007432388321242613
EEG2,sub-01,whole_brain,12,0.12,Qwen3-VL-2B,features/visual-blocks-14,0.06442550625429203,0.007129457639011847
EEG2,sub-01,whole_brain,12,0.12,Qwen3-VL-2B,features/visual-blocks-18,0.056218625299263504,0.008814641286817464
EEG2,sub-01,whole_brain,12,0.12,Qwen3-VL-2B,features/visual-blocks-2,-0.039415305817281726,0.03305282342227254
EEG2,sub-01,whole_brain,12,0.12,Qwen3-VL-2B,features/visual-blocks-22,0.06105109896987739,0.014351730866876414
EEG2,sub-01,whole_brain,12,0.12,Qwen3-VL-2B,features/visual-blocks-6,-0.0017331730015053603,0.03313180876102684
EEG2,sub-01,whole_brain,14,0.14,ResNet152_adv,features/layer1-0,-0.06751839018120526,0.03544894880576446
EEG2,sub-01,whole_brain,14,0.14,ResNet152_adv,features/layer2-0,-0.023767518020010103,0.04312833039622469
EEG2,sub-01,whole_brain,14,0.14,ResNet152_adv,features/layer3-0,0.052805243352545196,0.06457325775258249
EEG2,sub-01,whole_brain,14,0.14,ResNet152_adv,features/layer3-10,0.014444429777919692,0.052562388452216544
EEG2,sub-01,whole_brain,14,0.14,ResNet152_adv,features/layer3-15,-0.01158886977025712,0.048023605225556015
EEG2,sub-01,whole_brain,14,0.14,ResNet152_adv,features/layer3-20,-0.0077290524491613055,0.04293162036467777
EEG2,sub-01,whole_brain,14,0.14,ResNet152_adv,features/layer3-25,-0.004774320017933784,0.045688263200186326
EEG2,sub-01,whole_brain,14,0.14,ResNet152_adv,features/layer3-30,-0.009419114150008187,0.04354411478732571
EEG2,sub-01,whole_brain,14,0.14,ResNet152_adv,features/layer3-5,0.019534883671246842,0.059159349104681604
EEG2,sub-01,whole_brain,14,0.14,ResNet152_adv,features/layer4-1,0.05375595515794465,0.03245234666140229
EEG2,sub-01,whole_brain,14,0.14,Qwen3-VL-2B,features/language_model-layers-11,0.06659772530251758,0.02411299854899685
EEG2,sub-01,whole_brain,14,0.14,Qwen3-VL-2B,features/language_model-layers-16,0.06481255240341117,0.02902338072433503
EEG2,sub-01,whole_brain,14,0.14,Qwen3-VL-2B,features/language_model-layers-3,0.047636427271577304,0.028086411802598653
EEG2,sub-01,whole_brain,14,0.14,Qwen3-VL-2B,features/language_model-layers-8,0.04476987648158731,0.028844864779818357
EEG2,sub-01,whole_brain,14,0.14,Qwen3-VL-2B,features/visual-blocks-10,0.06219935587862892,0.004237713856430842
EEG2,sub-01,whole_brain,14,0.14,Qwen3-VL-2B,features/visual-blocks-14,0.03822767009471369,0.004298209430517774
EEG2,sub-01,whole_brain,14,0.14,Qwen3-VL-2B,features/visual-blocks-18,0.02677343119942929,0.006218498970935754
EEG2,sub-01,whole_brain,14,0.14,Qwen3-VL-2B,features/visual-blocks-2,-0.02998758004978464,0.0224031378222026
EEG2,sub-01,whole_brain,14,0.14,Qwen3-VL-2B,features/visual-blocks-22,0.019374173095413946,0.012320989291914278
EEG2,sub-01,whole_brain,14,0.14,Qwen3-VL-2B,features/visual-blocks-6,-0.0005927503338002265,0.0252326715252326
EEG2,sub-01,whole_brain,16,0.16,ResNet152_adv,features/layer1-0,-0.052849230892689704,0.014864366897084124
EEG2,sub-01,whole_brain,16,0.16,ResNet152_adv,features/layer2-0,-0.04429083333606843,0.022787385871992583
EEG2,sub-01,whole_brain,16,0.16,ResNet152_adv,features/layer3-0,-0.010511993984364471,0.04375566963350705
EEG2,sub-01,whole_brain,16,0.16,ResNet152_adv,features/layer3-10,-0.013338991623535967,0.03889999051570317
EEG2,sub-01,whole_brain,16,0.16,ResNet152_adv,features/layer3-15,-0.010519796679077814,0.03506522534968057
EEG2,sub-01,whole_brain,16,0.16,ResNet152_adv,features/layer3-20,-0.006762107938059777,0.0316091901083568
EEG2,sub-01,whole_brain,16,0.16,ResNet152_adv,features/layer3-25,-0.007467189225666355,0.032601397230042656
EEG2,sub-01,whole_brain,16,0.16,ResNet152_adv,features/layer3-30,-0.02419747278570191,0.0338906946414975
EEG2,sub-01,whole_brain,16,0.16,ResNet152_adv,features/layer3-5,0.009242160739293927,0.04459401762007408
EEG2,sub-01,whole_brain,16,0.16,ResNet152_adv,features/layer4-1,0.03980351515311082,0.0202476924347981
EEG2,sub-01,whole_brain,16,0.16,Qwen3-VL-2B,features/language_model-layers-11,-0.034974511690290644,0.014824678809632275
EEG2,sub-01,whole_brain,16,0.16,Qwen3-VL-2B,features/language_model-layers-16,-0.021149443989330496,0.016892251686235187
EEG2,sub-01,whole_brain,16,0.16,Qwen3-VL-2B,features/language_model-layers-3,-0.060864115471323414,0.014825181061246518
EEG2,sub-01,whole_brain,16,0.16,Qwen3-VL-2B,features/language_model-layers-8,-0.039929406672081044,0.016216947635296255
EEG2,sub-01,whole_brain,16,0.16,Qwen3-VL-2B,features/visual-blocks-10,0.06491076257473881,0.011814810496507986
EEG2,sub-01,whole_brain,16,0.16,Qwen3-VL-2B,features/visual-blocks-14,0.05941505611824172,0.009371353555690772
EEG2,sub-01,whole_brain,16,0.16,Qwen3-VL-2B,features/visual-blocks-18,0.04516729430577918,0.008700718309626244
EEG2,sub-01,whole_brain,16,0.16,Qwen3-VL-2B,features/visual-blocks-2,-0.0028372091096705286,0.012054972273745959
EEG2,sub-01,whole_brain,16,0.16,Qwen3-VL-2B,features/visual-blocks-22,0.01915000927176794,0.012400133183835977
EEG2,sub-01,whole_brain,16,0.16,Qwen3-VL-2B,features/visual-blocks-6,0.006948407934761471,0.015019476014527671
EEG2,sub-01,whole_brain,18,0.18,ResNet152_adv,features/layer1-0,0.09979218720326519,0.014090326303173544
EEG2,sub-01,whole_brain,18,0.18,ResNet152_adv,features/layer2-0,0.07622754079593798,0.01967694323009279
EEG2,sub-01,whole_brain,18,0.18,ResNet152_adv,features/layer3-0,0.04486460417803337,0.030010998456421713
EEG2,sub-01,whole_brain,18,0.18,ResNet152_adv,features/layer3-10,0.056024434751074915,0.026910975196823717
EEG2,sub-01,whole_brain,18,0.18,ResNet152_adv,features/layer3-15,0.03867905054447169,0.02744566798636021
EEG2,sub-01,whole_brain,18,0.18,ResNet152_adv,features/layer3-20,0.028457509798722715,0.026761818362419205
EEG2,sub-01,whole_brain,18,0.18,ResNet152_adv,features/layer3-25,0.012722733553779654,0.03131696856185898
EEG2,sub-01,whole_brain,18,0.18,ResNet152_adv,features/layer3-30,0.019993347330306697,0.03444380232315097
EEG2,sub-01,whole_brain,18,0.18,ResNet152_adv,features/layer3-5,0.06760370118684045,0.0304672462203473
EEG2,sub-01,whole_brain,18,0.18,ResNet152_adv,features/layer4-1,0.018490687358659497,0.026411460557293657
EEG2,sub-01,whole_brain,18,0.18,Qwen3-VL-2B,features/language_model-layers-11,-0.061340733721469726,0.01824244583893708
EEG2,sub-01,whole_brain,18,0.18,Qwen3-VL-2B,features/language_model-layers-16,-0.028937753174328663,0.018714084446572077
EEG2,sub-01,whole_brain,18,0.18,Qwen3-VL-2B,features/language_model-layers-3,-0.05205888695364042,0.01696504664256373
EEG2,sub-01,whole_brain,18,0.18,Qwen3-VL-2B,features/language_model-layers-8,-0.051038781698659164,0.018452745772912466
EEG2,sub-01,whole_brain,18,0.18,Qwen3-VL-2B,features/visual-blocks-10,0.04149427395985204,0.02255081246617506
EEG2,sub-01,whole_brain,18,0.18,Qwen3-VL-2B,features/visual-blocks-14,0.04460402139274185,0.01792600491844619
EEG2,sub-01,whole_brain,18,0.18,Qwen3-VL-2B,features/visual-blocks-18,0.032471393426081026,0.01701045429998078
EEG2,sub-01,whole_brain,18,0.18,Qwen3-VL-2B,features/visual-blocks-2,0.05998627790929685,0.012614995927057879
EEG2,sub-01,whole_brain,18,0.18,Qwen3-VL-2B,features/visual-blocks-22,0.032054669754657976,0.02047536957454882
EEG2,sub-01,whole_brain,18,0.18,Qwen3-VL-2B,features/visual-blocks-6,0.053743879543865024,0.014120829840247729
EEG2,sub-01,whole_brain,20,0.2,ResNet152_adv,features/layer1-0,0.10517625993671388,0.02326920517957899
EEG2,sub-01,whole_brain,20,0.2,ResNet152_adv,features/layer2-0,0.08544281297555072,0.02988318564507927
EEG2,sub-01,whole_brain,20,0.2,ResNet152_adv,features/layer3-0,0.05139002456877472,0.03030953210747851
EEG2,sub-01,whole_brain,20,0.2,ResNet152_adv,features/layer3-10,0.05959345395114124,0.026624483122829588
EEG2,sub-01,whole_brain,20,0.2,ResNet152_adv,features/layer3-15,0.0386229732943647,0.02884259677919272
EEG2,sub-01,whole_brain,20,0.2,ResNet152_adv,features/layer3-20,0.03456692972195158,0.030031953316910658
EEG2,sub-01,whole_brain,20,0.2,ResNet152_adv,features/layer3-25,0.012281482601563852,0.03312671580902719
EEG2,sub-01,whole_brain,20,0.2,ResNet152_adv,features/layer3-30,0.017804192516622585,0.03505158353086593
EEG2,sub-01,whole_brain,20,0.2,ResNet152_adv,features/layer3-5,0.0694410605769786,0.025450276911450114
EEG2,sub-01,whole_brain,20,0.2,ResNet152_adv,features/layer4-1,0.009447257316353796,0.026356357873160687
EEG2,sub-01,whole_brain,20,0.2,Qwen3-VL-2B,features/language_model-layers-11,-0.03250813145991971,0.01912619869564442
EEG2,sub-01,whole_brain,20,0.2,Qwen3-VL-2B,features/language_model-layers-16,-0.009622426759626556,0.020430514941985535
EEG2,sub-01,whole_brain,20,0.2,Qwen3-VL-2B,features/language_model-layers-3,-0.01726633086693029,0.01714007514232107
EEG2,sub-01,whole_brain,20,0.2,Qwen3-VL-2B,features/language_model-layers-8,-0.027711202057033087,0.01708589622834062
EEG2,sub-01,whole_brain,20,0.2,Qwen3-VL-2B,features/visual-blocks-10,0.02796334259013439,0.01699270640801801
EEG2,sub-01,whole_brain,20,0.2,Qwen3-VL-2B,features/visual-blocks-14,0.027474817395320945,0.01569262009921231
EEG2,sub-01,whole_brain,20,0.2,Qwen3-VL-2B,features/visual-blocks-18,0.02377500627771095,0.016043658955784967
EEG2,sub-01,whole_brain,20,0.2,Qwen3-VL-2B,features/visual-blocks-2,0.052980042628523905,0.011326663899212837
EEG2,sub-01,whole_brain,20,0.2,Qwen3-VL-2B,features/visual-blocks-22,0.029089747743653235,0.01862714131058489
EEG2,sub-01,whole_brain,20,0.2,Qwen3-VL-2B,features/visual-blocks-6,0.04802311006608252,0.013004445527464693
EEG2,sub-01,whole_brain,22,0.22,ResNet152_adv,features/layer1-0,0.11837099531845013,0.021238871833860976
EEG2,sub-01,whole_brain,22,0.22,ResNet152_adv,features/layer2-0,0.10176301909957403,0.02410525475520969
EEG2,sub-01,whole_brain,22,0.22,ResNet152_adv,features/layer3-0,0.064141702520382,0.021548151270025198
EEG2,sub-01,whole_brain,22,0.22,ResNet152_adv,features/layer3-10,0.06796426950597143,0.014205140496107592
EEG2,sub-01,whole_brain,22,0.22,ResNet152_adv,features/layer3-15,0.05577378989210064,0.015188594390050221
EEG2,sub-01,whole_brain,22,0.22,ResNet152_adv,features/layer3-20,0.051605698734696864,0.014916933474550984
EEG2,sub-01,whole_brain,22,0.22,ResNet152_adv,features/layer3-25,0.03716737234766427,0.017451052074199915
EEG2,sub-01,whole_brain,22,0.22,ResNet152_adv,features/layer3-30,0.04108405920889678,0.01574561706662616
EEG2,sub-01,whole_brain,22,0.22,ResNet152_adv,features/layer3-5,0.07943210704981929,0.013873719497384366
EEG2,sub-01,whole_brain,22,0.22,ResNet152_adv,features/layer4-1,0.015525295418908305,0.00984905146200736
EEG2,sub-01,whole_brain,22,0.22,Qwen3-VL-2B,features/language_model-layers-11,-0.023051514722513496,0.0008676281227798787
EEG2,sub-01,whole_brain,22,0.22,Qwen3-VL-2B,features/language_model-layers-16,-0.016206334761419285,0.0012187601980217166
EEG2,sub-01,whole_brain,22,0.22,Qwen3-VL-2B,features/language_model-layers-3,-0.021820037164969153,-0.0005018945452194286
EEG2,sub-01,whole_brain,22,0.22,Qwen3-VL-2B,features/language_model-layers-8,-0.028926412224202194,-0.0013795901063119896
EEG2,sub-01,whole_brain,22,0.22,Qwen3-VL-2B,features/visual-blocks-10,0.034701316199257974,0.00569884599179797
EEG2,sub-01,whole_brain,22,0.22,Qwen3-VL-2B,features/visual-blocks-14,0.025463470306092605,0.004527531506696383
EEG2,sub-01,whole_brain,22,0.22,Qwen3-VL-2B,features/visual-blocks-18,0.026207829144654585,0.00395914627982525
EEG2,sub-01,whole_brain,22,0.22,Qwen3-VL-2B,features/visual-blocks-2,0.06252661847104259,0.011922538947471854
EEG2,sub-01,whole_brain,22,0.22,Qwen3-VL-2B,features/visual-blocks-22,0.030798487786637775,0.003530968887213849
EEG2,sub-01,whole_brain,22,0.22,Qwen3-VL-2B,features/visual-blocks-6,0.05557520732903001,0.011035388303220407
EEG2,sub-01,whole_brain,24,0.24,ResNet152_adv,features/layer1-0,0.10884688560121544,0.02162233045543053
EEG2,sub-01,whole_brain,24,0.24,ResNet152_adv,features/layer2-0,0.09171664126612217,0.023155725474034845
EEG2,sub-01,whole_brain,24,0.24,ResNet152_adv,features/layer3-0,0.06803269722083952,0.019211467848510456
EEG2,sub-01,whole_brain,24,0.24,ResNet152_adv,features/layer3-10,0.07239110563303411,0.016015637197446676
EEG2,sub-01,whole_brain,24,0.24,ResNet152_adv,features/layer3-15,0.07635793114146815,0.018703995379671927
EEG2,sub-01,whole_brain,24,0.24,ResNet152_adv,features/layer3-20,0.06077398564568534,0.015207380859359406
EEG2,sub-01,whole_brain,24,0.24,ResNet152_adv,features/layer3-25,0.06253412695969292,0.01641616206007891
EEG2,sub-01,whole_brain,24,0.24,ResNet152_adv,features/layer3-30,0.06783118939890745,0.013888852045018678
EEG2,sub-01,whole_brain,24,0.24,ResNet152_adv,features/layer3-5,0.08115592460002126,0.015350125988914772
EEG2,sub-01,whole_brain,24,0.24,ResNet152_adv,features/layer4-1,0.006900248544725463,0.011372640937215232
EEG2,sub-01,whole_brain,24,0.24,Qwen3-VL-2B,features/language_model-layers-11,-0.018798805171801814,0.0023860547428506723
EEG2,sub-01,whole_brain,24,0.24,Qwen3-VL-2B,features/language_model-layers-16,-0.010011824404113863,0.0026367578873314357
EEG2,sub-01,whole_brain,24,0.24,Qwen3-VL-2B,features/language_model-layers-3,-0.02191342233249999,0.004029765240767748
EEG2,sub-01,whole_brain,24,0.24,Qwen3-VL-2B,features/language_model-layers-8,-0.024405546857246555,0.0019764652774138104
EEG2,sub-01,whole_brain,24,0.24,Qwen3-VL-2B,features/visual-blocks-10,-0.008649390935907648,0.005076336472889391
EEG2,sub-01,whole_brain,24,0.24,Qwen3-VL-2B,features/visual-blocks-14,-0.008319748688337396,0.0032425111155214036
EEG2,sub-01,whole_brain,24,0.24,Qwen3-VL-2B,features/visual-blocks-18,-0.002228478667718878,0.002975601865201629
EEG2,sub-01,whole_brain,24,0.24,Qwen3-VL-2B,features/visual-blocks-2,0.03831893980781751,0.010045399993232155
EEG2,sub-01,whole_brain,24,0.24,Qwen3-VL-2B,features/visual-blocks-22,0.008438746935344769,0.004448961374841178
EEG2,sub-01,whole_brain,24,0.24,Qwen3-VL-2B,features/visual-blocks-6,0.03685432167902478,0.008631806996229537
EEG2,sub-01,whole_brain,26,0.26,ResNet152_adv,features/layer1-0,-0.010977380116720805,0.008724434453514316
EEG2,sub-01,whole_brain,26,0.26,ResNet152_adv,features/layer2-0,0.0006989708266985186,0.007604005442104357
EEG2,sub-01,whole_brain,26,0.26,ResNet152_adv,features/layer3-0,-0.0007390114922363551,-0.00145142429738544
EEG2,sub-01,whole_brain,26,0.26,ResNet152_adv,features/layer3-10,-0.003577326013313047,-0.0008803768324254556
EEG2,sub-01,whole_brain,26,0.26,ResNet152_adv,features/layer3-15,0.021347075664274608,0.009231482001883468
EEG2,sub-01,whole_brain,26,0.26,ResNet152_adv,features/layer3-20,0.01987152585170789,0.007271167993466971
EEG2,sub-01,whole_brain,26,0.26,ResNet152_adv,features/layer3-25,0.030538921535751856,0.010954336234323979
EEG2,sub-01,whole_brain,26,0.26,ResNet152_adv,features/layer3-30,0.03178882342631539,0.0102315011761241
EEG2,sub-01,whole_brain,26,0.26,ResNet152_adv,features/layer3-5,0.0033967482171844156,-0.004995671228327015
EEG2,sub-01,whole_brain,26,0.26,ResNet152_adv,features/layer4-1,0.02775530894851148,0.019782441880790112
EEG2,sub-01,whole_brain,26,0.26,Qwen3-VL-2B,features/language_model-layers-11,0.05627093524233266,0.008060717451948383
EEG2,sub-01,whole_brain,26,0.26,Qwen3-VL-2B,features/language_model-layers-16,0.06801104678989754,0.007420504104434354
EEG2,sub-01,whole_brain,26,0.26,Qwen3-VL-2B,features/language_model-layers-3,0.03649655919128501,0.004052600843032237
EEG2,sub-01,whole_brain,26,0.26,Qwen3-VL-2B,features/language_model-layers-8,0.0556646234449597,0.005398933453245806
EEG2,sub-01,whole_brain,26,0.26,Qwen3-VL-2B,features/visual-blocks-10,0.05643095465699701,-0.005254199456127467
EEG2,sub-01,whole_brain,26,0.26,Qwen3-VL-2B,features/visual-blocks-14,0.0506174865513761,-0.005555766980216904
EEG2,sub-01,whole_brain,26,0.26,Qwen3-VL-2B,features/visual-blocks-18,0.04970747903873536,-0.004848240534290002
EEG2,sub-01,whole_brain,26,0.26,Qwen3-VL-2B,features/visual-blocks-2,-0.007769142932232174,-0.0004426656851284456
EEG2,sub-01,whole_brain,26,0.26,Qwen3-VL-2B,features/visual-blocks-22,0.0510441085825808,-6.754305842298918e-05
EEG2,sub-01,whole_brain,26,0.26,Qwen3-VL-2B,features/visual-blocks-6,-0.0052966569020201975,0.0008704829174324409
EEG2,sub-01,whole_brain,28,0.28,ResNet152_adv,features/layer1-0,0.0177182577502793,0.03134847101772124
EEG2,sub-01,whole_brain,28,0.28,ResNet152_adv,features/layer2-0,0.03336846323433439,0.035238855296468766
EEG2,sub-01,whole_brain,28,0.28,ResNet152_adv,features/layer3-0,0.033402912620311975,0.034862799222162795
EEG2,sub-01,whole_brain,28,0.28,ResNet152_adv,features/layer3-10,0.010710575801298918,0.021096990051196196
EEG2,sub-01,whole_brain,28,0.28,ResNet152_adv,features/layer3-15,0.019347159699536605,0.02888535274767013
EEG2,sub-01,whole_brain,28,0.28,ResNet152_adv,features/layer3-20,0.03196631689648587,0.028406344776852947
EEG2,sub-01,whole_brain,28,0.28,ResNet152_adv,features/layer3-25,0.03008300619212471,0.03216768807272178
EEG2,sub-01,whole_brain,28,0.28,ResNet152_adv,features/layer3-30,0.03001485969598195,0.03416872060516472
EEG2,sub-01,whole_brain,28,0.28,ResNet152_adv,features/layer3-5,0.020636464528478813,0.02031669743203617
EEG2,sub-01,whole_brain,28,0.28,ResNet152_adv,features/layer4-1,0.04168732251921177,0.03822733331383944
EEG2,sub-01,whole_brain,28,0.28,Qwen3-VL-2B,features/language_model-layers-11,0.0508082411500806,0.017332342617165798
EEG2,sub-01,whole_brain,28,0.28,Qwen3-VL-2B,features/language_model-layers-16,0.05498954769025704,0.016699322371740932
EEG2,sub-01,whole_brain,28,0.28,Qwen3-VL-2B,features/language_model-layers-3,0.03480543980281552,0.013478758557596735
EEG2,sub-01,whole_brain,28,0.28,Qwen3-VL-2B,features/language_model-layers-8,0.04101475690061043,0.015402428494453101
EEG2,sub-01,whole_brain,28,0.28,Qwen3-VL-2B,features/visual-blocks-10,0.048405679902158834,-0.001050633638248672
EEG2,sub-01,whole_brain,28,0.28,Qwen3-VL-2B,features/visual-blocks-14,0.0479723338988127,-0.0036615683985006336
EEG2,sub-01,whole_brain,28,0.28,Qwen3-VL-2B,features/visual-blocks-18,0.04264393013432281,-0.0030695005157817846
EEG2,sub-01,whole_brain,28,0.28,Qwen3-VL-2B,features/visual-blocks-2,0.017558351178814095,0.014249986397641502
EEG2,sub-01,whole_brain,28,0.28,Qwen3-VL-2B,features/visual-blocks-22,0.028803107481700545,0.001030015851287975
EEG2,sub-01,whole_brain,28,0.28,Qwen3-VL-2B,features/visual-blocks-6,0.023973872642051707,0.01791764821225066
EEG2,sub-01,whole_brain,30,0.3,ResNet152_adv,features/layer1-0,0.07773958868342594,0.008109637710677166
EEG2,sub-01,whole_brain,30,0.3,ResNet152_adv,features/layer2-0,0.07384295187630721,0.012922970983447728
EEG2,sub-01,whole_brain,30,0.3,ResNet152_adv,features/layer3-0,0.050068724369856606,0.021455465182663027
EEG2,sub-01,whole_brain,30,0.3,ResNet152_adv,features/layer3-10,0.04783703921693733,0.02087402349656056
EEG2,sub-01,whole_brain,30,0.3,ResNet152_adv,features/layer3-15,0.043492247365142636,0.026029799913940548
EEG2,sub-01,whole_brain,30,0.3,ResNet152_adv,features/layer3-20,0.04674592716952657,0.024482087776228584
EEG2,sub-01,whole_brain,30,0.3,ResNet152_adv,features/layer3-25,0.04951836002382754,0.026162372023388253
EEG2,sub-01,whole_brain,30,0.3,ResNet152_adv,features/layer3-30,0.04587401989327119,0.027583992354434064
EEG2,sub-01,whole_brain,30,0.3,ResNet152_adv,features/layer3-5,0.055745963859516856,0.015672907115772156
EEG2,sub-01,whole_brain,30,0.3,ResNet152_adv,features/layer4-1,0.01344775099857387,0.03128620644845232
EEG2,sub-01,whole_brain,30,0.3,Qwen3-VL-2B,features/language_model-layers-11,0.028781316702543573,0.02030535476806681
EEG2,sub-01,whole_brain,30,0.3,Qwen3-VL-2B,features/language_model-layers-16,0.02016676573358429,0.017429389328110254
EEG2,sub-01,whole_brain,30,0.3,Qwen3-VL-2B,features/language_model-layers-3,0.027920033031957166,0.017034834266805292
EEG2,sub-01,whole_brain,30,0.3,Qwen3-VL-2B,features/language_model-layers-8,0.016331221029390188,0.01814006392604551
EEG2,sub-01,whole_brain,30,0.3,Qwen3-VL-2B,features/visual-blocks-10,0.021687432492832066,-0.00035554034143970843
EEG2,sub-01,whole_brain,30,0.3,Qwen3-VL-2B,features/visual-blocks-14,0.021240491652307875,-0.004373359069051826
EEG2,sub-01,whole_brain,30,0.3,Qwen3-VL-2B,features/visual-blocks-18,0.032599075923127364,-0.003311048840354215
EEG2,sub-01,whole_brain,30,0.3,Qwen3-VL-2B,features/visual-blocks-2,0.04408537657014384,0.010711305507591357
EEG2,sub-01,whole_brain,30,0.3,Qwen3-VL-2B,features/visual-blocks-22,0.010430318674959015,0.0012115408348133546
EEG2,sub-01,whole_brain,30,0.3,Qwen3-VL-2B,features/visual-blocks-6,0.04932553571188917,0.015165785558137735
EEG2,sub-01,whole_brain,32,0.32,ResNet152_adv,features/layer1-0,0.08154385831619179,0.005313313021045443
EEG2,sub-01,whole_brain,32,0.32,ResNet152_adv,features/layer2-0,0.08097335480607118,0.00494338347408186
EEG2,sub-01,whole_brain,32,0.32,ResNet152_adv,features/layer3-0,0.0703489020639095,0.014632030699126383
EEG2,sub-01,whole_brain,32,0.32,ResNet152_adv,features/layer3-10,0.05739695452619773,0.01460049050994255
EEG2,sub-01,whole_brain,32,0.32,ResNet152_adv,features/layer3-15,0.06237319047666636,0.016119814868738955
EEG2,sub-01,whole_brain,32,0.32,ResNet152_adv,features/layer3-20,0.06516320883485478,0.0147544203544391
EEG2,sub-01,whole_brain,32,0.32,ResNet152_adv,features/layer3-25,0.06728148186589641,0.015389358624455085
EEG2,sub-01,whole_brain,32,0.32,ResNet152_adv,features/layer3-30,0.0726016162731757,0.015405443336822852
EEG2,sub-01,whole_brain,32,0.32,ResNet152_adv,features/layer3-5,0.06392525514419813,0.00992603945730346
EEG2,sub-01,whole_brain,32,0.32,ResNet152_adv,features/layer4-1,0.04545755948762339,0.020031801668228367
EEG2,sub-01,whole_brain,32,0.32,Qwen3-VL-2B,features/language_model-layers-11,0.05302136945771828,0.010998993292832493
EEG2,sub-01,whole_brain,32,0.32,Qwen3-VL-2B,features/language_model-layers-16,0.0419756999140949,0.009852411901281924
EEG2,sub-01,whole_brain,32,0.32,Qwen3-VL-2B,features/language_model-layers-3,0.03190073954820245,0.01069442880965836
EEG2,sub-01,whole_brain,32,0.32,Qwen3-VL-2B,features/language_model-layers-8,0.030065783085055982,0.009562292275467085
EEG2,sub-01,whole_brain,32,0.32,Qwen3-VL-2B,features/visual-blocks-10,0.06855527293702544,0.001069773341876163
EEG2,sub-01,whole_brain,32,0.32,Qwen3-VL-2B,features/visual-blocks-14,0.06676032340644797,-0.001593109301992182
EEG2,sub-01,whole_brain,32,0.32,Qwen3-VL-2B,features/visual-blocks-18,0.06876892155792999,-0.0005673459709697988
EEG2,sub-01,whole_brain,32,0.32,Qwen3-VL-2B,features/visual-blocks-2,0.050936035686326264,0.006556820639267896
EEG2,sub-01,whole_brain,32,0.32,Qwen3-VL-2B,features/visual-blocks-22,0.04363357709487669,0.005013960992742014
EEG2,sub-01,whole_brain,32,0.32,Qwen3-VL-2B,features/visual-blocks-6,0.049180248270301145,0.00920159217145571
EEG2,sub-01,whole_brain,34,0.34,ResNet152_adv,features/layer1-0,0.014128318120634423,0.007789053314462451
EEG2,sub-01,whole_brain,34,0.34,ResNet152_adv,features/layer2-0,0.03737228676395138,0.006093400008956323
EEG2,sub-01,whole_brain,34,0.34,ResNet152_adv,features/layer3-0,0.04278688936608233,0.009610789418264319
EEG2,sub-01,whole_brain,34,0.34,ResNet152_adv,features/layer3-10,0.01277059415739017,0.010573946934111915
EEG2,sub-01,whole_brain,34,0.34,ResNet152_adv,features/layer3-15,0.009438495868629538,0.012520485543365018
EEG2,sub-01,whole_brain,34,0.34,ResNet152_adv,features/layer3-20,0.010825313103664292,0.010220279084959502
EEG2,sub-01,whole_brain,34,0.34,ResNet152_adv,features/layer3-25,0.017983326947338417,0.010476881593945732
EEG2,sub-01,whole_brain,34,0.34,ResNet152_adv,features/layer3-30,0.02364334909497395,0.010872298265968477
EEG2,sub-01,whole_brain,34,0.34,ResNet152_adv,features/layer3-5,0.011500151072380792,0.0057386543260707695
EEG2,sub-01,whole_brain,34,0.34,ResNet152_adv,features/layer4-1,0.03726217783718184,0.01855160742012288
EEG2,sub-01,whole_brain,34,0.34,Qwen3-VL-2B,features/language_model-layers-11,0.043552300749053564,0.013037645468112256
EEG2,sub-01,whole_brain,34,0.34,Qwen3-VL-2B,features/language_model-layers-16,0.038032210671909705,0.015939256018340047
EEG2,sub-01,whole_brain,34,0.34,Qwen3-VL-2B,features/language_model-layers-3,0.03039458645933542,0.012171220740350297
EEG2,sub-01,whole_brain,34,0.34,Qwen3-VL-2B,features/language_model-layers-8,0.026216791682169605,0.01370705643167866
EEG2,sub-01,whole_brain,34,0.34,Qwen3-VL-2B,features/visual-blocks-10,0.015331661610126345,-0.0017746135730129895
EEG2,sub-01,whole_brain,34,0.34,Qwen3-VL-2B,features/visual-blocks-14,0.005648897840432315,-0.003387026701779786
EEG2,sub-01,whole_brain,34,0.34,Qwen3-VL-2B,features/visual-blocks-18,0.005776787198404343,-0.002777219664967612
EEG2,sub-01,whole_brain,34,0.34,Qwen3-VL-2B,features/visual-blocks-2,0.003283556752138102,-0.0006536315757433775
EEG2,sub-01,whole_brain,34,0.34,Qwen3-VL-2B,features/visual-blocks-22,0.016912811693700562,0.002732945226212053
EEG2,sub-01,whole_brain,34,0.34,Qwen3-VL-2B,features/visual-blocks-6,0.007986499374848452,0.0010076542637962617
EEG2,sub-01,whole_brain,36,0.36,ResNet152_adv,features/layer1-0,-0.026245849032832703,-0.0016015511659654195
EEG2,sub-01,whole_brain,36,0.36,ResNet152_adv,features/layer2-0,0.01426811265538767,0.0028082276056252977
EEG2,sub-01,whole_brain,36,0.36,ResNet152_adv,features/layer3-0,0.053464215011059156,0.010604161269072522
EEG2,sub-01,whole_brain,36,0.36,ResNet152_adv,features/layer3-10,0.007690147360249383,0.008803976597874802
EEG2,sub-01,whole_brain,36,0.36,ResNet152_adv,features/layer3-15,-0.005673740302851018,0.015007446814492028
EEG2,sub-01,whole_brain,36,0.36,ResNet152_adv,features/layer3-20,-0.01590183254603444,0.011160612683088015
EEG2,sub-01,whole_brain,36,0.36,ResNet152_adv,features/layer3-25,-0.020452377332611685,0.012055216869421678
EEG2,sub-01,whole_brain,36,0.36,ResNet152_adv,features/layer3-30,-0.002687488655301586,0.013826402019936538
EEG2,sub-01,whole_brain,36,0.36,ResNet152_adv,features/layer3-5,0.006473409806642978,0.008864160980409696
EEG2,sub-01,whole_brain,36,0.36,ResNet152_adv,features/layer4-1,0.03354570536929484,0.020793905283472216
EEG2,sub-01,whole_brain,36,0.36,Qwen3-VL-2B,features/language_model-layers-11,0.06974829663379536,0.01974226664468839
EEG2,sub-01,whole_brain,36,0.36,Qwen3-VL-2B,features/language_model-layers-16,0.08000966268277225,0.02126370197532731
EEG2,sub-01,whole_brain,36,0.36,Qwen3-VL-2B,features/language_model-layers-3,0.04981734717670132,0.01667221139554192
EEG2,sub-01,whole_brain,36,0.36,Qwen3-VL-2B,features/language_model-layers-8,0.056771152062139674,0.01906806824143951
EEG2,sub-01,whole_brain,36,0.36,Qwen3-VL-2B,features/visual-blocks-10,0.01208797393504614,-0.0030270022450969852
EEG2,sub-01,whole_brain,36,0.36,Qwen3-VL-2B,features/visual-blocks-14,0.0040944514605399385,-0.0028280996317248735
EEG2,sub-01,whole_brain,36,0.36,Qwen3-VL-2B,features/visual-blocks-18,-0.004517963424088381,-0.0017077832795819301
EEG2,sub-01,whole_brain,36,0.36,Qwen3-VL-2B,features/visual-blocks-2,-0.009991882742268508,-0.003932518514840918
EEG2,sub-01,whole_brain,36,0.36,Qwen3-VL-2B,features/visual-blocks-22,0.02583404834659111,0.004894453757818209
EEG2,sub-01,whole_brain,36,0.36,Qwen3-VL-2B,features/visual-blocks-6,-0.003006039754569442,-0.0005473974463763107
EEG2,sub-01,whole_brain,38,0.38,ResNet152_adv,features/layer1-0,-0.0554254352770603,0.02457653570414888
EEG2,sub-01,whole_brain,38,0.38,ResNet152_adv,features/layer2-0,-0.004945893642148684,0.03702909242430883
EEG2,sub-01,whole_brain,38,0.38,ResNet152_adv,features/layer3-0,0.04229976570737393,0.04676105935187547
EEG2,sub-01,whole_brain,38,0.38,ResNet152_adv,features/layer3-10,-0.0024612539565810865,0.03198423537871594
EEG2,sub-01,whole_brain,38,0.38,ResNet152_adv,features/layer3-15,-0.023559567934979993,0.037512187011849794
EEG2,sub-01,whole_brain,38,0.38,ResNet152_adv,features/layer3-20,-0.026783451021044295,0.035923918962577274
EEG2,sub-01,whole_brain,38,0.38,ResNet152_adv,features/layer3-25,-0.0288261326578906,0.03721514162586173
EEG2,sub-01,whole_brain,38,0.38,ResNet152_adv,features/layer3-30,-0.016325657806072934,0.04036462286146174
EEG2,sub-01,whole_brain,38,0.38,ResNet152_adv,features/layer3-5,-0.005453406289613617,0.03823653289394869
EEG2,sub-01,whole_brain,38,0.38,ResNet152_adv,features/layer4-1,0.027417645015259767,0.048467757362777815
EEG2,sub-01,whole_brain,38,0.38,Qwen3-VL-2B,features/language_model-layers-11,0.08349354729425029,0.03328882159757375
EEG2,sub-01,whole_brain,38,0.38,Qwen3-VL-2B,features/language_model-layers-16,0.10023910244827304,0.032097783754501646
EEG2,sub-01,whole_brain,38,0.38,Qwen3-VL-2B,features/language_model-layers-3,0.06309414671290513,0.032069201567860944
EEG2,sub-01,whole_brain,38,0.38,Qwen3-VL-2B,features/language_model-layers-8,0.07939353845157346,0.03363673167503737
EEG2,sub-01,whole_brain,38,0.38,Qwen3-VL-2B,features/visual-blocks-10,0.02634479234234115,-0.002112169920986425
EEG2,sub-01,whole_brain,38,0.38,Qwen3-VL-2B,features/visual-blocks-14,0.003188183448421224,-0.0010746809736871395
EEG2,sub-01,whole_brain,38,0.38,Qwen3-VL-2B,features/visual-blocks-18,-0.0047848983331367926,0.0012105216829842557
EEG2,sub-01,whole_brain,38,0.38,Qwen3-VL-2B,features/visual-blocks-2,-0.02933473327240241,0.00451319980256365
EEG2,sub-01,whole_brain,38,0.38,Qwen3-VL-2B,features/visual-blocks-22,0.03600125237998088,0.010743948432565755
EEG2,sub-01,whole_brain,38,0.38,Qwen3-VL-2B,features/visual-blocks-6,-0.015832854811553512,0.009668601125076491
EEG2,sub-01,whole_brain,40,0.4,ResNet152_adv,features/layer1-0,-0.052146413531473125,0.006853701867804997
EEG2,sub-01,whole_brain,40,0.4,ResNet152_adv,features/layer2-0,-0.006041536659361372,0.012012577135167827
EEG2,sub-01,whole_brain,40,0.4,ResNet152_adv,features/layer3-0,0.044642454402816945,0.020554670565611333
EEG2,sub-01,whole_brain,40,0.4,ResNet152_adv,features/layer3-10,0.0037370629651841884,0.015882895967357518
EEG2,sub-01,whole_brain,40,0.4,ResNet152_adv,features/layer3-15,-0.016920031656059216,0.019957455939885002
EEG2,sub-01,whole_brain,40,0.4,ResNet152_adv,features/layer3-20,-0.020945098853628698,0.018846463739689057
EEG2,sub-01,whole_brain,40,0.4,ResNet152_adv,features/layer3-25,-0.0256563015449156,0.018715011402723497
EEG2,sub-01,whole_brain,40,0.4,ResNet152_adv,features/layer3-30,-0.012475316912363997,0.021738198249614905
EEG2,sub-01,whole_brain,40,0.4,ResNet152_adv,features/layer3-5,0.007950338574797643,0.018535550669317655
EEG2,sub-01,whole_brain,40,0.4,ResNet152_adv,features/layer4-1,0.03437262556615496,0.025338843274939887
EEG2,sub-01,whole_brain,40,0.4,Qwen3-VL-2B,features/language_model-layers-11,0.1070463772921605,0.026726187003491483
EEG2,sub-01,whole_brain,40,0.4,Qwen3-VL-2B,features/language_model-layers-16,0.13115839970617107,0.026796138486602956
EEG2,sub-01,whole_brain,40,0.4,Qwen3-VL-2B,features/language_model-layers-3,0.08568743831543517,0.02512020774633717
EEG2,sub-01,whole_brain,40,0.4,Qwen3-VL-2B,features/language_model-layers-8,0.10134880982331942,0.02750665194667493
EEG2,sub-01,whole_brain,40,0.4,Qwen3-VL-2B,features/visual-blocks-10,0.0447632986790458,0.002878736967047373
EEG2,sub-01,whole_brain,40,0.4,Qwen3-VL-2B,features/visual-blocks-14,0.03219566020865846,0.0017526998125440099
EEG2,sub-01,whole_brain,40,0.4,Qwen3-VL-2B,features/visual-blocks-18,0.027883842534163764,0.0030594931581642585
EEG2,sub-01,whole_brain,40,0.4,Qwen3-VL-2B,features/visual-blocks-2,-0.025210795102465537,-0.00022488976944586898
EEG2,sub-01,whole_brain,40,0.4,Qwen3-VL-2B,features/visual-blocks-22,0.05515807551807237,0.009366886219739964
EEG2,sub-01,whole_brain,40,0.4,Qwen3-VL-2B,features/visual-blocks-6,-0.012779637413135064,0.0033822809254054212
EEG2,sub-01,whole_brain,42,0.42,ResNet152_adv,features/layer1-0,-0.011698364928452451,-6.994605455370759e-05
EEG2,sub-01,whole_brain,42,0.42,ResNet152_adv,features/layer2-0,0.010389991701742573,-0.0013569334525456442
EEG2,sub-01,whole_brain,42,0.42,ResNet152_adv,features/layer3-0,0.057112721902553745,0.0043069230611094324
EEG2,sub-01,whole_brain,42,0.42,ResNet152_adv,features/layer3-10,0.02639451210716987,0.0037727300940967527
EEG2,sub-01,whole_brain,42,0.42,ResNet152_adv,features/layer3-15,0.00791956771326639,0.006707642040153147
EEG2,sub-01,whole_brain,42,0.42,ResNet152_adv,features/layer3-20,0.004321312146195246,0.005285751653204183
EEG2,sub-01,whole_brain,42,0.42,ResNet152_adv,features/layer3-25,0.00019613597797617997,0.004398589729880928
EEG2,sub-01,whole_brain,42,0.42,ResNet152_adv,features/layer3-30,0.004427681770397258,0.0057519833271109065
EEG2,sub-01,whole_brain,42,0.42,ResNet152_adv,features/layer3-5,0.03244234536100653,0.0047480965059563795
EEG2,sub-01,whole_brain,42,0.42,ResNet152_adv,features/layer4-1,0.03217895417852896,0.008204121357633718
EEG2,sub-01,whole_brain,42,0.42,Qwen3-VL-2B,features/language_model-layers-11,0.06593768908735997,0.013241632551685928
EEG2,sub-01,whole_brain,42,0.42,Qwen3-VL-2B,features/language_model-layers-16,0.0843714166127462,0.01287654326620606
EEG2,sub-01,whole_brain,42,0.42,Qwen3-VL-2B,features/language_model-layers-3,0.0575062643578711,0.012856105899559992
EEG2,sub-01,whole_brain,42,0.42,Qwen3-VL-2B,features/language_model-layers-8,0.06074382859993284,0.01371440033074713
EEG2,sub-01,whole_brain,42,0.42,Qwen3-VL-2B,features/visual-blocks-10,0.027716588619667124,0.002819446412437509
EEG2,sub-01,whole_brain,42,0.42,Qwen3-VL-2B,features/visual-blocks-14,0.032017870642720894,-0.0007161301664544411
EEG2,sub-01,whole_brain,42,0.42,Qwen3-VL-2B,features/visual-blocks-18,0.030744810579477744,-0.00026002124950744507
EEG2,sub-01,whole_brain,42,0.42,Qwen3-VL-2B,features/visual-blocks-2,0.002996701176602737,-0.0005122379973406486
EEG2,sub-01,whole_brain,42,0.42,Qwen3-VL-2B,features/visual-blocks-22,0.04769914642341439,0.0036619387361053126
EEG2,sub-01,whole_brain,42,0.42,Qwen3-VL-2B,features/visual-blocks-6,0.01796989664689206,0.0015971662470085617
EEG2,sub-01,whole_brain,44,0.44,ResNet152_adv,features/layer1-0,0.016784405217675668,-0.009884047853753079
EEG2,sub-01,whole_brain,44,0.44,ResNet152_adv,features/layer2-0,0.03187258014806543,-0.01036841913250387
EEG2,sub-01,whole_brain,44,0.44,ResNet152_adv,features/layer3-0,0.0764879555681123,-0.005664000603593806
EEG2,sub-01,whole_brain,44,0.44,ResNet152_adv,features/layer3-10,0.03901127852239715,-0.00204445359837889
EEG2,sub-01,whole_brain,44,0.44,ResNet152_adv,features/layer3-15,0.022597060436862916,0.0023527446360732773
EEG2,sub-01,whole_brain,44,0.44,ResNet152_adv,features/layer3-20,0.015640478265071665,0.00038027832116572477
EEG2,sub-01,whole_brain,44,0.44,ResNet152_adv,features/layer3-25,0.012881195471605112,-0.00035064880811183657
EEG2,sub-01,whole_brain,44,0.44,ResNet152_adv,features/layer3-30,0.010557276582413315,-0.00010484091036282486
EEG2,sub-01,whole_brain,44,0.44,ResNet152_adv,features/layer3-5,0.04816167265082479,-0.004621630941515805
EEG2,sub-01,whole_brain,44,0.44,ResNet152_adv,features/layer4-1,0.04080686108252133,0.003965690196914222
EEG2,sub-01,whole_brain,44,0.44,Qwen3-VL-2B,features/language_model-layers-11,0.03149722365657671,0.0073833536723575755
EEG2,sub-01,whole_brain,44,0.44,Qwen3-VL-2B,features/language_model-layers-16,0.054944942041766656,0.007366457780080481
EEG2,sub-01,whole_brain,44,0.44,Qwen3-VL-2B,features/language_model-layers-3,0.023843098240435484,0.006637701120202781
EEG2,sub-01,whole_brain,44,0.44,Qwen3-VL-2B,features/language_model-layers-8,0.02987885999307785,0.006434150415279563
EEG2,sub-01,whole_brain,44,0.44,Qwen3-VL-2B,features/visual-blocks-10,0.017585531651331587,-0.0015272837608444109
EEG2,sub-01,whole_brain,44,0.44,Qwen3-VL-2B,features/visual-blocks-14,0.01956954733839826,-0.004219749189846457
EEG2,sub-01,whole_brain,44,0.44,Qwen3-VL-2B,features/visual-blocks-18,0.016103067081125563,-0.004175767391371006
EEG2,sub-01,whole_brain,44,0.44,Qwen3-VL-2B,features/visual-blocks-2,0.020461662353228105,-0.007915893363271705
EEG2,sub-01,whole_brain,44,0.44,Qwen3-VL-2B,features/visual-blocks-22,0.02801737304404725,-0.0006170083067128738
EEG2,sub-01,whole_brain,44,0.44,Qwen3-VL-2B,features/visual-blocks-6,0.0330390589767957,-0.005349006527545978
EEG2,sub-01,whole_brain,46,0.46,ResNet152_adv,features/layer1-0,0.06903978076106798,-0.004726160483570717
EEG2,sub-01,whole_brain,46,0.46,ResNet152_adv,features/layer2-0,0.07083576278879711,-0.00337173034909124
EEG2,sub-01,whole_brain,46,0.46,ResNet152_adv,features/layer3-0,0.0878055886481892,-0.005482323743688096
EEG2,sub-01,whole_brain,46,0.46,ResNet152_adv,features/layer3-10,0.05185468881590197,-0.003591327159700503
EEG2,sub-01,whole_brain,46,0.46,ResNet152_adv,features/layer3-15,0.02515285448536866,-0.0012222688093042736
EEG2,sub-01,whole_brain,46,0.46,ResNet152_adv,features/layer3-20,0.018657344645918558,-0.001152715858710615
EEG2,sub-01,whole_brain,46,0.46,ResNet152_adv,features/layer3-25,0.007077515102702541,-0.001755344702271434
EEG2,sub-01,whole_brain,46,0.46,ResNet152_adv,features/layer3-30,0.022625862203907936,-0.00230692320057026
EEG2,sub-01,whole_brain,46,0.46,ResNet152_adv,features/layer3-5,0.06393248751678095,-0.008024464314748585
EEG2,sub-01,whole_brain,46,0.46,ResNet152_adv,features/layer4-1,0.032727701292665855,0.00025323617556367704
EEG2,sub-01,whole_brain,46,0.46,Qwen3-VL-2B,features/language_model-layers-11,0.02320283960568689,0.001762427811668867
EEG2,sub-01,whole_brain,46,0.46,Qwen3-VL-2B,features/language_model-layers-16,0.045133691699090435,0.003384153651425183
EEG2,sub-01,whole_brain,46,0.46,Qwen3-VL-2B,features/language_model-layers-3,0.023406884809872575,0.005844561525612791
EEG2,sub-01,whole_brain,46,0.46,Qwen3-VL-2B,features/language_model-layers-8,0.022029556919516927,0.0036593594830390376
EEG2,sub-01,whole_brain,46,0.46,Qwen3-VL-2B,features/visual-blocks-10,0.01644800178099599,-0.0022312189207753515
EEG2,sub-01,whole_brain,46,0.46,Qwen3-VL-2B,features/visual-blocks-14,0.02104242883551673,-0.004852624250596883
EEG2,sub-01,whole_brain,46,0.46,Qwen3-VL-2B,features/visual-blocks-18,0.014281699682499493,-0.005310638344112512
EEG2,sub-01,whole_brain,46,0.46,Qwen3-VL-2B,features/visual-blocks-2,0.06100751697758629,-0.010029452902997086
EEG2,sub-01,whole_brain,46,0.46,Qwen3-VL-2B,features/visual-blocks-22,0.03327261055182797,-0.00320230238515738
EEG2,sub-01,whole_brain,46,0.46,Qwen3-VL-2B,features/visual-blocks-6,0.06321104995570766,-0.0080186932331382
EEG2,sub-01,whole_brain,48,0.48,ResNet152_adv,features/layer1-0,0.04576868314233433,-0.006205337597239638
EEG2,sub-01,whole_brain,48,0.48,ResNet152_adv,features/layer2-0,0.054539197793128415,-0.005048533421572785
EEG2,sub-01,whole_brain,48,0.48,ResNet152_adv,features/layer3-0,0.056934235274880916,-0.005258219760579706
EEG2,sub-01,whole_brain,48,0.48,ResNet152_adv,features/layer3-10,0.03122991449932616,-0.002655154391721711
EEG2,sub-01,whole_brain,48,0.48,ResNet152_adv,features/layer3-15,0.023984042464447488,0.000467809327491903
EEG2,sub-01,whole_brain,48,0.48,ResNet152_adv,features/layer3-20,0.017904946033202352,-0.0010652579712929272
EEG2,sub-01,whole_brain,48,0.48,ResNet152_adv,features/layer3-25,0.011805609342504499,-0.0013080455039080532
EEG2,sub-01,whole_brain,48,0.48,ResNet152_adv,features/layer3-30,0.02853902045566923,-0.0017101136723792032
EEG2,sub-01,whole_brain,48,0.48,ResNet152_adv,features/layer3-5,0.04010846430711148,-0.0060496754645203935
EEG2,sub-01,whole_brain,48,0.48,ResNet152_adv,features/layer4-1,0.026933546734706024,0.0015479268538368912
EEG2,sub-01,whole_brain,48,0.48,Qwen3-VL-2B,features/language_model-layers-11,0.03522753256967242,0.0026139184421727518
EEG2,sub-01,whole_brain,48,0.48,Qwen3-VL-2B,features/language_model-layers-16,0.031046803736851904,0.004702737249518861
EEG2,sub-01,whole_brain,48,0.48,Qwen3-VL-2B,features/language_model-layers-3,0.024188321507711226,0.005671143946340528
EEG2,sub-01,whole_brain,48,0.48,Qwen3-VL-2B,features/language_model-layers-8,0.024639039428134443,0.004492078936403933
EEG2,sub-01,whole_brain,48,0.48,Qwen3-VL-2B,features/visual-blocks-10,0.006139866812431814,0.004108284166968928
EEG2,sub-01,whole_brain,48,0.48,Qwen3-VL-2B,features/visual-blocks-14,0.001854848336390607,0.001390715302874465
EEG2,sub-01,whole_brain,48,0.48,Qwen3-VL-2B,features/visual-blocks-18,0.0015086341363165182,0.0008275953954703649
EEG2,sub-01,whole_brain,48,0.48,Qwen3-VL-2B,features/visual-blocks-2,0.03989139942710431,-0.007811125896205582
EEG2,sub-01,whole_brain,48,0.48,Qwen3-VL-2B,features/visual-blocks-22,0.014075490703194294,0.003015130115894098
EEG2,sub-01,whole_brain,48,0.48,Qwen3-VL-2B,features/visual-blocks-6,0.040240648667035195,-0.005670872531431287
EEG2,sub-01,whole_brain,50,0.5,ResNet152_adv,features/layer1-0,0.024498222312227105,-0.004662026463578727
EEG2,sub-01,whole_brain,50,0.5,ResNet152_adv,features/layer2-0,0.032856154026088304,-0.00567735174177232
EEG2,sub-01,whole_brain,50,0.5,ResNet152_adv,features/layer3-0,0.029531906102529124,-0.006683909287031979
EEG2,sub-01,whole_brain,50,0.5,ResNet152_adv,features/layer3-10,0.0013432150407259624,-0.005325747635676384
EEG2,sub-01,whole_brain,50,0.5,ResNet152_adv,features/layer3-15,-0.0011603695844809962,-0.0017242388282711072
EEG2,sub-01,whole_brain,50,0.5,ResNet152_adv,features/layer3-20,-0.0026417257602588764,-0.0027145156174415023
EEG2,sub-01,whole_brain,50,0.5,ResNet152_adv,features/layer3-25,0.0010957009889482321,-0.0015250776648280764
EEG2,sub-01,whole_brain,50,0.5,ResNet152_adv,features/layer3-30,0.00925243618259519,-0.0016433523821134126
EEG2,sub-01,whole_brain,50,0.5,ResNet152_adv,features/layer3-5,0.017130954448120756,-0.009158711766769679
EEG2,sub-01,whole_brain,50,0.5,ResNet152_adv,features/layer4-1,0.006690562223651043,0.0015009207446110952
EEG2,sub-01,whole_brain,50,0.5,Qwen3-VL-2B,features/language_model-layers-11,0.03183760779828645,0.0035818625114943767
EEG2,sub-01,whole_brain,50,0.5,Qwen3-VL-2B,features/language_model-layers-16,0.018528636275582582,0.00346480208380308
EEG2,sub-01,whole_brain,50,0.5,Qwen3-VL-2B,features/language_model-layers-3,0.028409517894940395,0.005772500490941188
EEG2,sub-01,whole_brain,50,0.5,Qwen3-VL-2B,features/language_model-layers-8,0.03885273771056863,0.005308983268086042
EEG2,sub-01,whole_brain,50,0.5,Qwen3-VL-2B,features/visual-blocks-10,0.0076925446714242954,-0.0011698849733324925
EEG2,sub-01,whole_brain,50,0.5,Qwen3-VL-2B,features/visual-blocks-14,0.018283552431971564,-0.0033858100753235685
EEG2,sub-01,whole_brain,50,0.5,Qwen3-VL-2B,features/visual-blocks-18,0.021352802449778344,-0.0034826285818344727
EEG2,sub-01,whole_brain,50,0.5,Qwen3-VL-2B,features/visual-blocks-2,0.015585011639107854,-0.00695478704253284
EEG2,sub-01,whole_brain,50,0.5,Qwen3-VL-2B,features/visual-blocks-22,0.02283808002189653,0.0010886655063385463
EEG2,sub-01,whole_brain,50,0.5,Qwen3-VL-2B,features/visual-blocks-6,0.007769348442499107,-0.005790534586952752
EEG2,sub-01,whole_brain,52,0.52,ResNet152_adv,features/layer1-0,0.03346216984494417,-0.0025062718156176633
EEG2,sub-01,whole_brain,52,0.52,ResNet152_adv,features/layer2-0,0.050258204965401516,-0.003452392348294105
EEG2,sub-01,whole_brain,52,0.52,ResNet152_adv,features/layer3-0,0.04474465557128571,-0.0063779756987660625
EEG2,sub-01,whole_brain,52,0.52,ResNet152_adv,features/layer3-10,0.009239818975673346,-0.0063261471491186235
EEG2,sub-01,whole_brain,52,0.52,ResNet152_adv,features/layer3-15,-0.0008078412328905506,-0.0030918178933667367
EEG2,sub-01,whole_brain,52,0.52,ResNet152_adv,features/layer3-20,-0.0023415629069055664,-0.002956837779139007
EEG2,sub-01,whole_brain,52,0.52,ResNet152_adv,features/layer3-25,-0.0019290169783270836,-0.002957844267813463
EEG2,sub-01,whole_brain,52,0.52,ResNet152_adv,features/layer3-30,0.019190496604876213,-0.002412361547551999
EEG2,sub-01,whole_brain,52,0.52,ResNet152_adv,features/layer3-5,0.02314098565661133,-0.012221501227330516
EEG2,sub-01,whole_brain,52,0.52,ResNet152_adv,features/layer4-1,0.011394763840001983,0.0008317508725685465
EEG2,sub-01,whole_brain,52,0.52,Qwen3-VL-2B,features/language_model-layers-11,0.030282342532416455,0.004729089557150739
EEG2,sub-01,whole_brain,52,0.52,Qwen3-VL-2B,features/language_model-layers-16,0.01831315911854313,0.00438251177361674
EEG2,sub-01,whole_brain,52,0.52,Qwen3-VL-2B,features/language_model-layers-3,0.03702658157645491,0.006451270005761131
EEG2,sub-01,whole_brain,52,0.52,Qwen3-VL-2B,features/language_model-layers-8,0.03597065101927099,0.004947562982118267
EEG2,sub-01,whole_brain,52,0.52,Qwen3-VL-2B,features/visual-blocks-10,0.013965033067398068,0.003800351858646499
EEG2,sub-01,whole_brain,52,0.52,Qwen3-VL-2B,features/visual-blocks-14,0.018432219783648576,0.001121582929408276
EEG2,sub-01,whole_brain,52,0.52,Qwen3-VL-2B,features/visual-blocks-18,0.027876203770136818,0.0008055877791760874
EEG2,sub-01,whole_brain,52,0.52,Qwen3-VL-2B,features/visual-blocks-2,0.01771051516064188,-0.008312465067641286
EEG2,sub-01,whole_brain,52,0.52,Qwen3-VL-2B,features/visual-blocks-22,0.022704327139068503,0.004158324962391317
EEG2,sub-01,whole_brain,52,0.52,Qwen3-VL-2B,features/visual-blocks-6,0.017575664685610285,-0.0071418102915256024
EEG2,sub-01,whole_brain,54,0.54,ResNet152_adv,features/layer1-0,0.04284704439810427,0.002463011211013036
EEG2,sub-01,whole_brain,54,0.54,ResNet152_adv,features/layer2-0,0.06327292743243644,0.0030775299091785418
EEG2,sub-01,whole_brain,54,0.54,ResNet152_adv,features/layer3-0,0.0599966689214784,-0.002209041113114474
EEG2,sub-01,whole_brain,54,0.54,ResNet152_adv,features/layer3-10,0.026037552253343595,0.00014223981026768759
EEG2,sub-01,whole_brain,54,0.54,ResNet152_adv,features/layer3-15,0.017025794919753347,0.0012777953174285595
EEG2,sub-01,whole_brain,54,0.54,ResNet152_adv,features/layer3-20,0.011365358972607369,0.000240807316411103
EEG2,sub-01,whole_brain,54,0.54,ResNet152_adv,features/layer3-25,0.008455080925226129,0.0004516975496611655
EEG2,sub-01,whole_brain,54,0.54,ResNet152_adv,features/layer3-30,0.01251243064404081,0.0016532143378066287
EEG2,sub-01,whole_brain,54,0.54,ResNet152_adv,features/layer3-5,0.04601459239528497,-0.006112498884908367
EEG2,sub-01,whole_brain,54,0.54,ResNet152_adv,features/layer4-1,0.02436575915775927,0.004054961467961007
EEG2,sub-01,whole_brain,54,0.54,Qwen3-VL-2B,features/language_model-layers-11,0.014795783788825708,0.002950273984937579
EEG2,sub-01,whole_brain,54,0.54,Qwen3-VL-2B,features/language_model-layers-16,0.020104140355837467,0.001958134925755224
EEG2,sub-01,whole_brain,54,0.54,Qwen3-VL-2B,features/language_model-layers-3,0.0043349451657501425,0.004327077292183059
EEG2,sub-01,whole_brain,54,0.54,Qwen3-VL-2B,features/language_model-layers-8,0.013453210070417092,0.003275520757841176
EEG2,sub-01,whole_brain,54,0.54,Qwen3-VL-2B,features/visual-blocks-10,0.031011891122126198,0.01069015544147351
EEG2,sub-01,whole_brain,54,0.54,Qwen3-VL-2B,features/visual-blocks-14,0.025618293325393667,0.0076823790822145
EEG2,sub-01,whole_brain,54,0.54,Qwen3-VL-2B,features/visual-blocks-18,0.02549448596881281,0.006980758863024313
EEG2,sub-01,whole_brain,54,0.54,Qwen3-VL-2B,features/visual-blocks-2,0.035793249473077576,-0.007536355865012641
EEG2,sub-01,whole_brain,54,0.54,Qwen3-VL-2B,features/visual-blocks-22,0.017376969544295007,0.008185110802035885
EEG2,sub-01,whole_brain,54,0.54,Qwen3-VL-2B,features/visual-blocks-6,0.029699432510525998,-0.007111252755420265
EEG2,sub-01,whole_brain,56,0.56,ResNet152_adv,features/layer1-0,0.05959857683381829,-0.0024274742638117157
EEG2,sub-01,whole_brain,56,0.56,ResNet152_adv,features/layer2-0,0.06622933824979088,-0.0027506484800565653
EEG2,sub-01,whole_brain,56,0.56,ResNet152_adv,features/layer3-0,0.06066591622886175,-0.009507886200603576
EEG2,sub-01,whole_brain,56,0.56,ResNet152_adv,features/layer3-10,0.028857427655722967,-0.007071160078177188
EEG2,sub-01,whole_brain,56,0.56,ResNet152_adv,features/layer3-15,0.022294894361668243,-0.003925522719653976
EEG2,sub-01,whole_brain,56,0.56,ResNet152_adv,features/layer3-20,0.014275711201151921,-0.00490470069930526
EEG2,sub-01,whole_brain,56,0.56,ResNet152_adv,features/layer3-25,0.014922651727484264,-0.0037647359139688355
EEG2,sub-01,whole_brain,56,0.56,ResNet152_adv,features/layer3-30,0.016190653831034164,-0.0036006057891196973
EEG2,sub-01,whole_brain,56,0.56,ResNet152_adv,features/layer3-5,0.0455957038097427,-0.012191964639499502
EEG2,sub-01,whole_brain,56,0.56,ResNet152_adv,features/layer4-1,0.012369130255979995,0.0015408510600138584
EEG2,sub-01,whole_brain,56,0.56,Qwen3-VL-2B,features/language_model-layers-11,-0.02576741628000252,-0.0018795963291375524
EEG2,sub-01,whole_brain,56,0.56,Qwen3-VL-2B,features/language_model-layers-16,-0.019678644815147302,-0.0015313644446124704
EEG2,sub-01,whole_brain,56,0.56,Qwen3-VL-2B,features/language_model-layers-3,-0.03423881868590858,0.0032336595345392343
EEG2,sub-01,whole_brain,56,0.56,Qwen3-VL-2B,features/language_model-layers-8,-0.02452094107769812,0.0005788994878781476
EEG2,sub-01,whole_brain,56,0.56,Qwen3-VL-2B,features/visual-blocks-10,0.016092542828818165,0.002250371942133116
EEG2,sub-01,whole_brain,56,0.56,Qwen3-VL-2B,features/visual-blocks-14,0.020055358427843062,0.0009260360738692852
EEG2,sub-01,whole_brain,56,0.56,Qwen3-VL-2B,features/visual-blocks-18,0.010627479652179592,0.0002785677743661397
EEG2,sub-01,whole_brain,56,0.56,Qwen3-VL-2B,features/visual-blocks-2,0.04569751678335373,-0.00854065347570613
EEG2,sub-01,whole_brain,56,0.56,Qwen3-VL-2B,features/visual-blocks-22,-0.002887900317916089,0.002962781762096033
EEG2,sub-01,whole_brain,56,0.56,Qwen3-VL-2B,features/visual-blocks-6,0.03522998839467365,-0.008305521680535638
EEG2,sub-01,whole_brain,58,0.58,ResNet152_adv,features/layer1-0,0.08259006847164058,-0.003594224643113529
EEG2,sub-01,whole_brain,58,0.58,ResNet152_adv,features/layer2-0,0.08615465847487959,-0.002719682917726339
EEG2,sub-01,whole_brain,58,0.58,ResNet152_adv,features/layer3-0,0.07573909359367326,-0.0070855290219020775
EEG2,sub-01,whole_brain,58,0.58,ResNet152_adv,features/layer3-10,0.04086893581786001,-0.004485212463056723
EEG2,sub-01,whole_brain,58,0.58,ResNet152_adv,features/layer3-15,0.017422648541654092,-0.0013642266614688975
EEG2,sub-01,whole_brain,58,0.58,ResNet152_adv,features/layer3-20,0.014354927545693296,-0.0024043091143725326
EEG2,sub-01,whole_brain,58,0.58,ResNet152_adv,features/layer3-25,0.006075838916421099,-0.0003984152708142653
EEG2,sub-01,whole_brain,58,0.58,ResNet152_adv,features/layer3-30,0.010510704219458827,-0.0003458556875700257
EEG2,sub-01,whole_brain,58,0.58,ResNet152_adv,features/layer3-5,0.04928523830241536,-0.009132101144685474
EEG2,sub-01,whole_brain,58,0.58,ResNet152_adv,features/layer4-1,0.004317754360286991,0.0024274168767920677
EEG2,sub-01,whole_brain,58,0.58,Qwen3-VL-2B,features/language_model-layers-11,-0.024231453776319023,9.931798697770881e-06
EEG2,sub-01,whole_brain,58,0.58,Qwen3-VL-2B,features/language_model-layers-16,-0.018275039782594354,0.0010107087678948522
EEG2,sub-01,whole_brain,58,0.58,Qwen3-VL-2B,features/language_model-layers-3,-0.02377717832580567,0.004741745039155705
EEG2,sub-01,whole_brain,58,0.58,Qwen3-VL-2B,features/language_model-layers-8,-0.018897727278861007,0.0022362981515514926
EEG2,sub-01,whole_brain,58,0.58,Qwen3-VL-2B,features/visual-blocks-10,7.660826055538473e-05,-0.0016305942908115202
EEG2,sub-01,whole_brain,58,0.58,Qwen3-VL-2B,features/visual-blocks-14,0.008630276487833285,-0.0021207967760903087
EEG2,sub-01,whole_brain,58,0.58,Qwen3-VL-2B,features/visual-blocks-18,0.002343540932185036,-0.0023286936615376417
EEG2,sub-01,whole_brain,58,0.58,Qwen3-VL-2B,features/visual-blocks-2,0.057935766167130406,-0.007704874780383703
EEG2,sub-01,whole_brain,58,0.58,Qwen3-VL-2B,features/visual-blocks-22,-0.001792750390125894,-0.0002828162511615573
EEG2,sub-01,whole_brain,58,0.58,Qwen3-VL-2B,features/visual-blocks-6,0.04667821621895702,-0.007312926467481204
EEG2,sub-01,whole_brain,60,0.6,ResNet152_adv,features/layer1-0,0.05323516977419862,-0.0035243561297088983
EEG2,sub-01,whole_brain,60,0.6,ResNet152_adv,features/layer2-0,0.05744122404186284,-0.0016885460215077968
EEG2,sub-01,whole_brain,60,0.6,ResNet152_adv,features/layer3-0,0.05092879611885886,-0.007638268829449722
EEG2,sub-01,whole_brain,60,0.6,ResNet152_adv,features/layer3-10,0.023322044590279072,-0.006414217269235576
EEG2,sub-01,whole_brain,60,0.6,ResNet152_adv,features/layer3-15,0.009812669913958587,-0.001873651342359288
EEG2,sub-01,whole_brain,60,0.6,ResNet152_adv,features/layer3-20,0.008339456681650112,-0.0019138426253595682
EEG2,sub-01,whole_brain,60,0.6,ResNet152_adv,features/layer3-25,0.0013800176473212696,-0.00022785679622483443
EEG2,sub-01,whole_brain,60,0.6,ResNet152_adv,features/layer3-30,0.0028245473325325256,-0.0011281834250829702
EEG2,sub-01,whole_brain,60,0.6,ResNet152_adv,features/layer3-5,0.034906228572045596,-0.009422232238242493
EEG2,sub-01,whole_brain,60,0.6,ResNet152_adv,features/layer4-1,0.005230931290387384,0.0002214953238897985
EEG2,sub-01,whole_brain,60,0.6,Qwen3-VL-2B,features/language_model-layers-11,-0.0005735265645940338,-0.0018843195195805613
EEG2,sub-01,whole_brain,60,0.6,Qwen3-VL-2B,features/language_model-layers-16,0.0023884740522301198,-0.0006194596891297228
EEG2,sub-01,whole_brain,60,0.6,Qwen3-VL-2B,features/language_model-layers-3,-0.014130623618991324,0.005085507810109779
EEG2,sub-01,whole_brain,60,0.6,Qwen3-VL-2B,features/language_model-layers-8,-0.00786055460002787,0.0018962118169024826
EEG2,sub-01,whole_brain,60,0.6,Qwen3-VL-2B,features/visual-blocks-10,-0.0008625246122996791,-0.0031043055851965825
EEG2,sub-01,whole_brain,60,0.6,Qwen3-VL-2B,features/visual-blocks-14,0.004005519976807581,-0.003933450527637842
EEG2,sub-01,whole_brain,60,0.6,Qwen3-VL-2B,features/visual-blocks-18,0.002769667681240523,-0.0038932570256253155
EEG2,sub-01,whole_brain,60,0.6,Qwen3-VL-2B,features/visual-blocks-2,0.026310709242226775,-0.009253062521782447
EEG2,sub-01,whole_brain,60,0.6,Qwen3-VL-2B,features/visual-blocks-22,0.006086223444831522,-0.0016525736799989567
EEG2,sub-01,whole_brain,60,0.6,Qwen3-VL-2B,features/visual-blocks-6,0.023813787680085532,-0.00831181197812886
EEG2,sub-01,whole_brain,62,0.62,ResNet152_adv,features/layer1-0,0.03513665487651629,-0.007238607364748387
EEG2,sub-01,whole_brain,62,0.62,ResNet152_adv,features/layer2-0,0.04070134458128839,-0.006432849535539597
EEG2,sub-01,whole_brain,62,0.62,ResNet152_adv,features/layer3-0,0.042877966991756784,-0.011913995905404581
EEG2,sub-01,whole_brain,62,0.62,ResNet152_adv,features/layer3-10,0.01662408047190565,-0.01218266410928432
EEG2,sub-01,whole_brain,62,0.62,ResNet152_adv,features/layer3-15,0.008159350455767522,-0.007767671588414454
EEG2,sub-01,whole_brain,62,0.62,ResNet152_adv,features/layer3-20,0.0032816703828357765,-0.007530706295317103
EEG2,sub-01,whole_brain,62,0.62,ResNet152_adv,features/layer3-25,0.0022970877682917308,-0.005790299772273048
EEG2,sub-01,whole_brain,62,0.62,ResNet152_adv,features/layer3-30,0.0009244903173473687,-0.006354561306095342
EEG2,sub-01,whole_brain,62,0.62,ResNet152_adv,features/layer3-5,0.03033945527031069,-0.01455830742760247
EEG2,sub-01,whole_brain,62,0.62,ResNet152_adv,features/layer4-1,0.002928759787204287,-0.0035522964447781773
EEG2,sub-01,whole_brain,62,0.62,Qwen3-VL-2B,features/language_model-layers-11,-0.004514249499287245,-0.0038739426454757545
EEG2,sub-01,whole_brain,62,0.62,Qwen3-VL-2B,features/language_model-layers-16,-0.007131791589690408,-0.0025807569785587874
EEG2,sub-01,whole_brain,62,0.62,Qwen3-VL-2B,features/language_model-layers-3,-0.020834690896797355,0.001094712879881019
EEG2,sub-01,whole_brain,62,0.62,Qwen3-VL-2B,features/language_model-layers-8,-0.010421487972092932,-0.0015561730623937042
EEG2,sub-01,whole_brain,62,0.62,Qwen3-VL-2B,features/visual-blocks-10,0.006000744872238116,-0.005122735748323599
EEG2,sub-01,whole_brain,62,0.62,Qwen3-VL-2B,features/visual-blocks-14,0.014562064034699021,-0.006542577026896058
EEG2,sub-01,whole_brain,62,0.62,Qwen3-VL-2B,features/visual-blocks-18,0.010688236596824163,-0.006593625034779338
EEG2,sub-01,whole_brain,62,0.62,Qwen3-VL-2B,features/visual-blocks-2,0.019080601485712438,-0.010534495565613937
EEG2,sub-01,whole_brain,62,0.62,Qwen3-VL-2B,features/visual-blocks-22,0.003549290247940654,-0.004357105695349641
EEG2,sub-01,whole_brain,62,0.62,Qwen3-VL-2B,features/visual-blocks-6,0.01737491726171587,-0.009380802416829493
EEG2,sub-01,whole_brain,64,0.64,ResNet152_adv,features/layer1-0,0.07262680339416755,-0.009132888375246975
EEG2,sub-01,whole_brain,64,0.64,ResNet152_adv,features/layer2-0,0.07352850490365227,-0.008629222064222885
EEG2,sub-01,whole_brain,64,0.64,ResNet152_adv,features/layer3-0,0.06770216082042405,-0.0142389202528755
EEG2,sub-01,whole_brain,64,0.64,ResNet152_adv,features/layer3-10,0.03417569111130971,-0.012350578591316918
EEG2,sub-01,whole_brain,64,0.64,ResNet152_adv,features/layer3-15,0.0238817972769897,-0.008393817373708612
EEG2,sub-01,whole_brain,64,0.64,ResNet152_adv,features/layer3-20,0.01622196399827184,-0.006805856061077147
EEG2,sub-01,whole_brain,64,0.64,ResNet152_adv,features/layer3-25,0.018102509726004322,-0.00614285907588338
EEG2,sub-01,whole_brain,64,0.64,ResNet152_adv,features/layer3-30,0.01824521939348517,-0.006831745310499993
EEG2,sub-01,whole_brain,64,0.64,ResNet152_adv,features/layer3-5,0.04944852211615203,-0.01656101244278837
EEG2,sub-01,whole_brain,64,0.64,ResNet152_adv,features/layer4-1,0.006735146625533085,-0.0033387018185650446
EEG2,sub-01,whole_brain,64,0.64,Qwen3-VL-2B,features/language_model-layers-11,-0.011323742855757851,0.001075709673385051
EEG2,sub-01,whole_brain,64,0.64,Qwen3-VL-2B,features/language_model-layers-16,-0.01173859556330655,0.001078540847229946
EEG2,sub-01,whole_brain,64,0.64,Qwen3-VL-2B,features/language_model-layers-3,-0.022355648598904397,0.0036487047952812384
EEG2,sub-01,whole_brain,64,0.64,Qwen3-VL-2B,features/language_model-layers-8,-0.011536955807748299,0.0028691499464173235
EEG2,sub-01,whole_brain,64,0.64,Qwen3-VL-2B,features/visual-blocks-10,0.006287878159658773,-0.0010182696810934072
EEG2,sub-01,whole_brain,64,0.64,Qwen3-VL-2B,features/visual-blocks-14,0.00539010220812695,-0.0032492936979619455
EEG2,sub-01,whole_brain,64,0.64,Qwen3-VL-2B,features/visual-blocks-18,0.006925205455297444,-0.0037413530072675488
EEG2,sub-01,whole_brain,64,0.64,Qwen3-VL-2B,features/visual-blocks-2,0.027436358709024975,-0.00899388770711511
EEG2,sub-01,whole_brain,64,0.64,Qwen3-VL-2B,features/visual-blocks-22,0.009930143145414433,-0.0018487633179038918
EEG2,sub-01,whole_brain,64,0.64,Qwen3-VL-2B,features/visual-blocks-6,0.022372562994413744,-0.0073997038841880055
EEG2,sub-01,whole_brain,66,0.66,ResNet152_adv,features/layer1-0,0.045553402343973176,-0.015907961527759355
EEG2,sub-01,whole_brain,66,0.66,ResNet152_adv,features/layer2-0,0.05847460032310292,-0.0165564241545035
EEG2,sub-01,whole_brain,66,0.66,ResNet152_adv,features/layer3-0,0.0647985223084553,-0.018659529416563368
EEG2,sub-01,whole_brain,66,0.66,ResNet152_adv,features/layer3-10,0.014109235240211281,-0.015256167956709666
EEG2,sub-01,whole_brain,66,0.66,ResNet152_adv,features/layer3-15,-0.001437576175695244,-0.011670366604131326
EEG2,sub-01,whole_brain,66,0.66,ResNet152_adv,features/layer3-20,-0.009440433272123683,-0.010886820547596442
EEG2,sub-01,whole_brain,66,0.66,ResNet152_adv,features/layer3-25,-0.01077069924587419,-0.009617151910926852
EEG2,sub-01,whole_brain,66,0.66,ResNet152_adv,features/layer3-30,-0.009268943008069812,-0.01125721158572756
EEG2,sub-01,whole_brain,66,0.66,ResNet152_adv,features/layer3-5,0.03093976900381575,-0.018665588189903902
EEG2,sub-01,whole_brain,66,0.66,ResNet152_adv,features/layer4-1,0.0023498503099525832,-0.005436630742771812
EEG2,sub-01,whole_brain,66,0.66,Qwen3-VL-2B,features/language_model-layers-11,-0.014579115297469695,-0.0022477485318777354
EEG2,sub-01,whole_brain,66,0.66,Qwen3-VL-2B,features/language_model-layers-16,-0.011386966339310073,0.00013368957939319595
EEG2,sub-01,whole_brain,66,0.66,Qwen3-VL-2B,features/language_model-layers-3,-0.0359863152742739,-0.00254558738237591
EEG2,sub-01,whole_brain,66,0.66,Qwen3-VL-2B,features/language_model-layers-8,-0.0195897253442074,-0.0006454971146635242
EEG2,sub-01,whole_brain,66,0.66,Qwen3-VL-2B,features/visual-blocks-10,0.008200533993315814,0.0006267249121105122
EEG2,sub-01,whole_brain,66,0.66,Qwen3-VL-2B,features/visual-blocks-14,7.211462649413846e-05,-0.0018378263613889902
EEG2,sub-01,whole_brain,66,0.66,Qwen3-VL-2B,features/visual-blocks-18,0.0011941956939776398,-0.0021436827737117492
EEG2,sub-01,whole_brain,66,0.66,Qwen3-VL-2B,features/visual-blocks-2,0.013139654112267241,-0.008616058077172884
EEG2,sub-01,whole_brain,66,0.66,Qwen3-VL-2B,features/visual-blocks-22,-0.011188642201265914,-0.001644852441145256
EEG2,sub-01,whole_brain,66,0.66,Qwen3-VL-2B,features/visual-blocks-6,0.008883738243855115,-0.007686593859522577
EEG2,sub-01,whole_brain,68,0.68,ResNet152_adv,features/layer1-0,0.030772657544988126,-0.014319364431124072
EEG2,sub-01,whole_brain,68,0.68,ResNet152_adv,features/layer2-0,0.05035463602526372,-0.014191729711501809
EEG2,sub-01,whole_brain,68,0.68,ResNet152_adv,features/layer3-0,0.05512047331844919,-0.0174124280104725
EEG2,sub-01,whole_brain,68,0.68,ResNet152_adv,features/layer3-10,0.01495783314309748,-0.013899992575762637
EEG2,sub-01,whole_brain,68,0.68,ResNet152_adv,features/layer3-15,0.002781424716490504,-0.00934866712902709
EEG2,sub-01,whole_brain,68,0.68,ResNet152_adv,features/layer3-20,0.003260199087008229,-0.0076744278423586795
EEG2,sub-01,whole_brain,68,0.68,ResNet152_adv,features/layer3-25,0.0008901030753770177,-0.006614769958902302
EEG2,sub-01,whole_brain,68,0.68,ResNet152_adv,features/layer3-30,0.005896048997459631,-0.007619649733038855
EEG2,sub-01,whole_brain,68,0.68,ResNet152_adv,features/layer3-5,0.028430766766050684,-0.017391545478388306
EEG2,sub-01,whole_brain,68,0.68,ResNet152_adv,features/layer4-1,0.009968882184004128,-0.003353909924568779
EEG2,sub-01,whole_brain,68,0.68,Qwen3-VL-2B,features/language_model-layers-11,0.001633466393164527,-0.0004853612692846794
EEG2,sub-01,whole_brain,68,0.68,Qwen3-VL-2B,features/language_model-layers-16,0.001979046059237758,0.0017352346969229443
EEG2,sub-01,whole_brain,68,0.68,Qwen3-VL-2B,features/language_model-layers-3,-0.00268014007581591,-0.0011934454104675079
EEG2,sub-01,whole_brain,68,0.68,Qwen3-VL-2B,features/language_model-layers-8,0.0048612788972944125,7.782390164359414e-05
EEG2,sub-01,whole_brain,68,0.68,Qwen3-VL-2B,features/visual-blocks-10,0.02491867482203848,0.0028863359432927476
EEG2,sub-01,whole_brain,68,0.68,Qwen3-VL-2B,features/visual-blocks-14,0.02168748874997713,0.0006244352885736574
EEG2,sub-01,whole_brain,68,0.68,Qwen3-VL-2B,features/visual-blocks-18,0.017845847836075956,0.0009726614153906547
EEG2,sub-01,whole_brain,68,0.68,Qwen3-VL-2B,features/visual-blocks-2,0.023805785607126453,-0.009348486553352643
EEG2,sub-01,whole_brain,68,0.68,Qwen3-VL-2B,features/visual-blocks-22,0.001354224943934982,0.0024370935187495633
EEG2,sub-01,whole_brain,68,0.68,Qwen3-VL-2B,features/visual-blocks-6,0.022692545939665455,-0.008168916099605435
EEG2,sub-01,whole_brain,70,0.7,ResNet152_adv,features/layer1-0,0.017225883112539423,-0.012487576761368592
EEG2,sub-01,whole_brain,70,0.7,ResNet152_adv,features/layer2-0,0.030536069073894983,-0.013262170765647245
EEG2,sub-01,whole_brain,70,0.7,ResNet152_adv,features/layer3-0,0.02703532941518824,-0.016417005962775018
EEG2,sub-01,whole_brain,70,0.7,ResNet152_adv,features/layer3-10,-0.003623195356101939,-0.013382018586268604
EEG2,sub-01,whole_brain,70,0.7,ResNet152_adv,features/layer3-15,-0.010318710478904246,-0.010197074807443522
EEG2,sub-01,whole_brain,70,0.7,ResNet152_adv,features/layer3-20,-0.012596860092827653,-0.01054666375967779
EEG2,sub-01,whole_brain,70,0.7,ResNet152_adv,features/layer3-25,-0.009982198968206067,-0.00943637452726006
EEG2,sub-01,whole_brain,70,0.7,ResNet152_adv,features/layer3-30,-0.006833614984341791,-0.009135891055916227
EEG2,sub-01,whole_brain,70,0.7,ResNet152_adv,features/layer3-5,0.011284579060114987,-0.017047129343711383
EEG2,sub-01,whole_brain,70,0.7,ResNet152_adv,features/layer4-1,-0.006595881443943288,-0.004227410617854654
EEG2,sub-01,whole_brain,70,0.7,Qwen3-VL-2B,features/language_model-layers-11,-0.005187544044206807,-0.0010316389440357177
EEG2,sub-01,whole_brain,70,0.7,Qwen3-VL-2B,features/language_model-layers-16,-0.00010344344713625506,0.004034968377604717
EEG2,sub-01,whole_brain,70,0.7,Qwen3-VL-2B,features/language_model-layers-3,-0.0052032869785082845,0.0022864020694968387
EEG2,sub-01,whole_brain,70,0.7,Qwen3-VL-2B,features/language_model-layers-8,0.0012878846531372682,0.0017811329137848366
EEG2,sub-01,whole_brain,70,0.7,Qwen3-VL-2B,features/visual-blocks-10,-0.0011225244094184002,-0.001832876953620472
EEG2,sub-01,whole_brain,70,0.7,Qwen3-VL-2B,features/visual-blocks-14,0.00040233326578429274,-0.0028951429348286267
EEG2,sub-01,whole_brain,70,0.7,Qwen3-VL-2B,features/visual-blocks-18,0.004059066939045551,-0.0023616134076727374
EEG2,sub-01,whole_brain,70,0.7,Qwen3-VL-2B,features/visual-blocks-2,0.012833093625418393,-0.007958969817908999
EEG2,sub-01,whole_brain,70,0.7,Qwen3-VL-2B,features/visual-blocks-22,-0.005368474249588468,-0.0002323681551566546
EEG2,sub-01,whole_brain,70,0.7,Qwen3-VL-2B,features/visual-blocks-6,0.004048516159312949,-0.007341647768592991
EEG2,sub-01,whole_brain,72,0.72,ResNet152_adv,features/layer1-0,0.022546168639803743,-0.011522264550940759
EEG2,sub-01,whole_brain,72,0.72,ResNet152_adv,features/layer2-0,0.03773900290866292,-0.01270040169979149
EEG2,sub-01,whole_brain,72,0.72,ResNet152_adv,features/layer3-0,0.021626292982851077,-0.01566920052547685
EEG2,sub-01,whole_brain,72,0.72,ResNet152_adv,features/layer3-10,-0.008884803449180396,-0.013172845756943259
EEG2,sub-01,whole_brain,72,0.72,ResNet152_adv,features/layer3-15,-0.017918156401635372,-0.011065507390229653
EEG2,sub-01,whole_brain,72,0.72,ResNet152_adv,features/layer3-20,-0.01745646520110764,-0.010672446627738266
EEG2,sub-01,whole_brain,72,0.72,ResNet152_adv,features/layer3-25,-0.019504149103911083,-0.00862234306537735
EEG2,sub-01,whole_brain,72,0.72,ResNet152_adv,features/layer3-30,-0.011511079054405694,-0.007963774174733403
EEG2,sub-01,whole_brain,72,0.72,ResNet152_adv,features/layer3-5,0.0026902166814394834,-0.017096116671735807
EEG2,sub-01,whole_brain,72,0.72,ResNet152_adv,features/layer4-1,-0.017651824378232074,-0.003372283354676648
EEG2,sub-01,whole_brain,72,0.72,Qwen3-VL-2B,features/language_model-layers-11,-0.025896553919231447,0.00033927593697232063
EEG2,sub-01,whole_brain,72,0.72,Qwen3-VL-2B,features/language_model-layers-16,-0.020207232834220334,0.003032455696874941
EEG2,sub-01,whole_brain,72,0.72,Qwen3-VL-2B,features/language_model-layers-3,-0.01738460744798126,0.001111228586345116
EEG2,sub-01,whole_brain,72,0.72,Qwen3-VL-2B,features/language_model-layers-8,-0.011264653740174648,0.001099694805483991
EEG2,sub-01,whole_brain,72,0.72,Qwen3-VL-2B,features/visual-blocks-10,-0.01325718499720871,-0.0026662898334311384
EEG2,sub-01,whole_brain,72,0.72,Qwen3-VL-2B,features/visual-blocks-14,-0.016195512717027055,-0.004365550483627542
EEG2,sub-01,whole_brain,72,0.72,Qwen3-VL-2B,features/visual-blocks-18,-0.015008070303115358,-0.00390943396868159
EEG2,sub-01,whole_brain,72,0.72,Qwen3-VL-2B,features/visual-blocks-2,0.0010634395559477707,-0.006282297306191464
EEG2,sub-01,whole_brain,72,0.72,Qwen3-VL-2B,features/visual-blocks-22,-0.024267895985436022,-0.0015516965464040413
EEG2,sub-01,whole_brain,72,0.72,Qwen3-VL-2B,features/visual-blocks-6,-0.004756824814796542,-0.006074310015051457
EEG2,sub-01,whole_brain,74,0.74,ResNet152_adv,features/layer1-0,0.03221900897801782,-0.011127085957132002
EEG2,sub-01,whole_brain,74,0.74,ResNet152_adv,features/layer2-0,0.03553986079119661,-0.013221500354526647
EEG2,sub-01,whole_brain,74,0.74,ResNet152_adv,features/layer3-0,0.01813258208073249,-0.017512722740477077
EEG2,sub-01,whole_brain,74,0.74,ResNet152_adv,features/layer3-10,-0.011846998388797,-0.017091815162115328
EEG2,sub-01,whole_brain,74,0.74,ResNet152_adv,features/layer3-15,-0.010990024285045016,-0.014124148272456947
EEG2,sub-01,whole_brain,74,0.74,ResNet152_adv,features/layer3-20,-0.011711703120671777,-0.013307926523858154
EEG2,sub-01,whole_brain,74,0.74,ResNet152_adv,features/layer3-25,-0.010656830004428713,-0.01155001541731702
EEG2,sub-01,whole_brain,74,0.74,ResNet152_adv,features/layer3-30,-0.0062889420447798374,-0.010414637493248152
EEG2,sub-01,whole_brain,74,0.74,ResNet152_adv,features/layer3-5,0.006412799852348116,-0.021201798089966195
EEG2,sub-01,whole_brain,74,0.74,ResNet152_adv,features/layer4-1,-0.012063790417463116,-0.0018897498586027868
EEG2,sub-01,whole_brain,74,0.74,Qwen3-VL-2B,features/language_model-layers-11,-0.027943335157146348,-0.0037819286145356003
EEG2,sub-01,whole_brain,74,0.74,Qwen3-VL-2B,features/language_model-layers-16,-0.01959730921545259,-0.0013299234032732488
EEG2,sub-01,whole_brain,74,0.74,Qwen3-VL-2B,features/language_model-layers-3,-0.0310572110087112,-0.0026793155851817735
EEG2,sub-01,whole_brain,74,0.74,Qwen3-VL-2B,features/language_model-layers-8,-0.018418794243246484,-0.0030416306296381923
EEG2,sub-01,whole_brain,74,0.74,Qwen3-VL-2B,features/visual-blocks-10,-0.004349325475709597,-0.005243422336540123
EEG2,sub-01,whole_brain,74,0.74,Qwen3-VL-2B,features/visual-blocks-14,-0.0033245460491211983,-0.006576628722813411
EEG2,sub-01,whole_brain,74,0.74,Qwen3-VL-2B,features/visual-blocks-18,-0.0062758362724570985,-0.00575061787737113
EEG2,sub-01,whole_brain,74,0.74,Qwen3-VL-2B,features/visual-blocks-2,-0.00048717093785570123,-0.006265488403839468
EEG2,sub-01,whole_brain,74,0.74,Qwen3-VL-2B,features/visual-blocks-22,-0.018319486022897215,-0.002505999522145896
EEG2,sub-01,whole_brain,74,0.74,Qwen3-VL-2B,features/visual-blocks-6,-0.014131255124288391,-0.005996516259745154
EEG2,sub-01,whole_brain,76,0.76,ResNet152_adv,features/layer1-0,0.06167541129644341,-0.010495432882674863
EEG2,sub-01,whole_brain,76,0.76,ResNet152_adv,features/layer2-0,0.04903669374369007,-0.012233826060599973
EEG2,sub-01,whole_brain,76,0.76,ResNet152_adv,features/layer3-0,0.028613231031981615,-0.01591864961615353
EEG2,sub-01,whole_brain,76,0.76,ResNet152_adv,features/layer3-10,0.0015066659981027653,-0.013429543012745598
EEG2,sub-01,whole_brain,76,0.76,ResNet152_adv,features/layer3-15,-0.0007133081439868762,-0.00862873139666838
EEG2,sub-01,whole_brain,76,0.76,ResNet152_adv,features/layer3-20,-0.0004661860542932209,-0.0071344355133448
EEG2,sub-01,whole_brain,76,0.76,ResNet152_adv,features/layer3-25,-0.0004026920476493692,-0.005485505798355244
EEG2,sub-01,whole_brain,76,0.76,ResNet152_adv,features/layer3-30,0.0027650682420238435,-0.005249704007540074
EEG2,sub-01,whole_brain,76,0.76,ResNet152_adv,features/layer3-5,0.0185241498927468,-0.01830505683088896
EEG2,sub-01,whole_brain,76,0.76,ResNet152_adv,features/layer4-1,-0.01125297564917771,0.004566359547078296
EEG2,sub-01,whole_brain,76,0.76,Qwen3-VL-2B,features/language_model-layers-11,-0.028367018802061068,0.0022457472007449734
EEG2,sub-01,whole_brain,76,0.76,Qwen3-VL-2B,features/language_model-layers-16,-0.019543140808574132,0.0055754205701933224
EEG2,sub-01,whole_brain,76,0.76,Qwen3-VL-2B,features/language_model-layers-3,-0.047266670521442185,0.004782249663378926
EEG2,sub-01,whole_brain,76,0.76,Qwen3-VL-2B,features/language_model-layers-8,-0.030116837270279202,0.003963452176463122
EEG2,sub-01,whole_brain,76,0.76,Qwen3-VL-2B,features/visual-blocks-10,-4.8136153223620364e-05,-0.005277850468380377
EEG2,sub-01,whole_brain,76,0.76,Qwen3-VL-2B,features/visual-blocks-14,0.01451929703629559,-0.006923366171917673
EEG2,sub-01,whole_brain,76,0.76,Qwen3-VL-2B,features/visual-blocks-18,0.01634112272394374,-0.005250133808405214
EEG2,sub-01,whole_brain,76,0.76,Qwen3-VL-2B,features/visual-blocks-2,0.014070729835131506,-0.004280359836141647
EEG2,sub-01,whole_brain,76,0.76,Qwen3-VL-2B,features/visual-blocks-22,-0.014383655917302066,-0.0014108915296613621
EEG2,sub-01,whole_brain,76,0.76,Qwen3-VL-2B,features/visual-blocks-6,0.001544257071160544,-0.003297717613557319
EEG2,sub-01,whole_brain,78,0.78,ResNet152_adv,features/layer1-0,0.093374427882722,-0.01251598239474826
EEG2,sub-01,whole_brain,78,0.78,ResNet152_adv,features/layer2-0,0.07907102373531673,-0.014391310559424473
EEG2,sub-01,whole_brain,78,0.78,ResNet152_adv,features/layer3-0,0.04188955178325937,-0.015451622629678342
EEG2,sub-01,whole_brain,78,0.78,ResNet152_adv,features/layer3-10,0.022274811384676307,-0.012536112472027208
EEG2,sub-01,whole_brain,78,0.78,ResNet152_adv,features/layer3-15,0.014636119203027431,-0.008993422612624606
EEG2,sub-01,whole_brain,78,0.78,ResNet152_adv,features/layer3-20,0.013196405609092464,-0.008657109974917143
EEG2,sub-01,whole_brain,78,0.78,ResNet152_adv,features/layer3-25,0.009810458134873771,-0.0069244894320276565
EEG2,sub-01,whole_brain,78,0.78,ResNet152_adv,features/layer3-30,0.016664492302123655,-0.007244623107139336
EEG2,sub-01,whole_brain,78,0.78,ResNet152_adv,features/layer3-5,0.035140064418870604,-0.017322913005672572
EEG2,sub-01,whole_brain,78,0.78,ResNet152_adv,features/layer4-1,-0.017179668718313848,0.0006196324297138545
EEG2,sub-01,whole_brain,78,0.78,Qwen3-VL-2B,features/language_model-layers-11,-0.0032204474243755967,0.0007526896889923728
EEG2,sub-01,whole_brain,78,0.78,Qwen3-VL-2B,features/language_model-layers-16,-0.006306794797896101,0.00499362194618772
EEG2,sub-01,whole_brain,78,0.78,Qwen3-VL-2B,features/language_model-layers-3,-0.03205257968256554,0.0019614492712381653
EEG2,sub-01,whole_brain,78,0.78,Qwen3-VL-2B,features/language_model-layers-8,-0.012173212525881208,0.002536723519829164
EEG2,sub-01,whole_brain,78,0.78,Qwen3-VL-2B,features/visual-blocks-10,0.00788256261901703,-0.0039065782147226615
EEG2,sub-01,whole_brain,78,0.78,Qwen3-VL-2B,features/visual-blocks-14,0.021747142046533278,-0.0053108495871433525
EEG2,sub-01,whole_brain,78,0.78,Qwen3-VL-2B,features/visual-blocks-18,0.026827535688323686,-0.004270569647624377
EEG2,sub-01,whole_brain,78,0.78,Qwen3-VL-2B,features/visual-blocks-2,0.033689440492838146,-0.008901161454887766
EEG2,sub-01,whole_brain,78,0.78,Qwen3-VL-2B,features/visual-blocks-22,-0.0037874334125324637,-0.0015196010262374668
EEG2,sub-01,whole_brain,78,0.78,Qwen3-VL-2B,features/visual-blocks-6,0.020326165428857717,-0.008039971826063022
